ï»¿,CT,GB,P,PEN,SH,SOG,TCH,PAS,GID,TID
20,2,2,0,2,0,0,5,5,1,1
Wyers profile,,,,,,,,,1,1
C. Wyers,,,,,,,,,1,1
D,,,,,,,,,1,1
31,1,3,0,0,1,1,9,8,1,1
Maher profile,,,,,,,,,1,1
C. Maher,,,,,,,,,1,1
SSDM,,,,,,,,,1,1
41,1,1,0,0,0,0,5,5,1,1
Robbins profile,,,,,,,,,1,1
J. Robbins,,,,,,,,,1,1
LSM,,,,,,,,,1,1
99,0,19,1,0,1,1,18,14,1,1
Sisselberger profile,,,,,,,,,1,1
M. Sisselberger,,,,,,,,,1,1
FO,,,,,,,,,1,1
54,0,4,0,2,2,1,15,11,1,1
Bond profile,,,,,,,,,1,1
P. Bond,,,,,,,,,1,1
SSDM,,,,,,,,,1,1
6,0,3,0,0,0,0,3,2,1,1
DiBenedetto profile,,,,,,,,,1,1
J. DiBenedetto,,,,,,,,,1,1
D,,,,,,,,,1,1
13,0,1,1,0,2,0,16,12,1,1
Ambler profile,,,,,,,,,1,1
R. Ambler,,,,,,,,,1,1
M,,,,,,,,,1,1
27,0,1,0,0,0,0,1,1,1,1
Jeffrey profile,,,,,,,,,1,1
W. Jeffrey,,,,,,,,,1,1
D,,,,,,,,,1,1
45,0,1,0,0,0,0,11,10,1,1
Dobson profile,,,,,,,,,1,
B. Dobson,,,,,,,,,1,
G,,,,,,,,,1,
,,,,,,,,,1,
,CT,GB,P,PEN,SH,SOG,TCH,PAS,1,
25,2,2,0,1,0,0,5,5,1,2
Gobrecht profile,,,,,,,,,1,2
E. Gobrecht,,,,,,,,,1,2
D,,,,,,,,,1,2
33,2,1,2,0,2,2,10,7,1,2
Whitcher profile,,,,,,,,,1,2
M. Whitcher,,,,,,,,,1,2
SSDM,,,,,,,,,1,2
77,2,1,1,0,1,0,9,8,1,2
Currier profile,,,,,,,,,1,2
Z. Currier,,,,,,,,,1,2
M,,,,,,,,,1,2
16,2,1,0,0,0,0,4,4,1,2
Sabia profile,,,,,,,,,1,2
C. Sabia,,,,,,,,,1,2
LSM,,,,,,,,,1,2
50,1,3,0,0,0,0,10,10,1,2
Scarpello profile,,,,,,,,,1,2
C. Scarpello,,,,,,,,,1,2
SSDM,,,,,,,,,1,2
44,1,3,0,0,0,0,12,11,1,2
Randall profile,,,,,,,,,1,2
B. Randall,,,,,,,,,1,2
D,,,,,,,,,1,2
21,1,2,0,0,1,0,8,7,1,2
Byrnes profile,,,,,,,,,1,2
L. Byrnes,,,,,,,,,1,2
D,,,,,,,,,1,2
12,1,0,0,0,1,1,7,6,1,2
McConvey profile,,,,,,,,,1,2
T. McConvey,,,,,,,,,1,2
M,,,,,,,,,1,2
37,0,2,0,0,0,0,18,17,1,2
Ward profile,,,,,,,,,1,2
D. Ward,,,,,,,,,1,2
G,,,,,,,,,1,2
17,0,2,0,0,0,0,5,4,1,2
Rees profile,,,,,,,,,1,2
R. Rees,,,,,,,,,1,2
LSM,,,,,,,,,1,2
19,0,1,1,0,3,3,23,20,1,2
Carraway profile,,,,,,,,,1,2
J. Carraway,,,,,,,,,1,2
M,,,,,,,,,1,2
15,0,1,1,1,5,5,17,11,1,2
Conrad profile,,,,,,,,,1,2
R. Conrad,,,,,,,,,1,2
M,,,,,,,,,1,2
27,0,1,0,1,1,1,5,4,1,2
Richard profile,,,,,,,,,,
J. Richard,,,,,,,,,,
SSDM,,,,,,,,,,
,,,,,,,,,,
,CT,GB,P,PEN,SH,SOG,TCH,PAS,,
52,3,3,0,1,0,0,13,12,2,3
Epple profile,,,,,,,,,2,3
G. Epple,,,,,,,,,2,3
D,,,,,,,,,2,3
77,1,5,1,0,2,1,9,6,2,3
van Raaphorst profile,,,,,,,,,2,3
C. van Raaphorst,,,,,,,,,2,3
D,,,,,,,,,2,3
41,1,3,0,0,0,0,11,11,2,3
Young profile,,,,,,,,,2,3
B. Young,,,,,,,,,2,3
D,,,,,,,,,2,3
50,1,0,1,2,4,4,11,7,2,3
Kavanagh profile,,,,,,,,,2,3
M. Kavanagh,,,,,,,,,2,3
A,,,,,,,,,2,3
34,0,3,3,0,3,2,10,7,2,3
Kirst profile,,,,,,,,,2,3
C. Kirst,,,,,,,,,2,3
M,,,,,,,,,2,3
22,0,3,2,0,3,3,21,17,2,3
Drenner profile,,,,,,,,,2,3
R. Drenner,,,,,,,,,2,3
M,,,,,,,,,2,3
13,0,3,0,0,0,0,3,2,2,3
Chick profile,,,,,,,,,2,3
C. Chick,,,,,,,,,2,3
LSM,,,,,,,,,2,3
5,0,3,0,0,0,0,23,23,2,3
Kirst profile,,,,,,,,,2,3
C. Kirst,,,,,,,,,2,3
G,,,,,,,,,2,3
43,0,2,1,0,2,1,12,10,2,3
Trainor profile,,,,,,,,,2,3
J. Trainor,,,,,,,,,2,3
SSDM,,,,,,,,,2,3
2,0,2,0,1,0,0,5,5,2,3
Fairman profile,,,,,,,,,2,3
B. Fairman,,,,,,,,,2,3
SSDM,,,,,,,,,2,3
35,0,1,0,0,1,0,5,3,2,3
Rall profile,,,,,,,,,2,3
E. Rall,,,,,,,,,2,3
LSM,,,,,,,,,2,3
14,0,1,0,0,0,0,3,3,2,3
Goodrich profile,,,,,,,,,2,
Z. Goodrich,,,,,,,,,2,
SSDM,,,,,,,,,2,
,,,,,,,,,2,
,CT,GB,P,PEN,SH,SOG,TCH,PAS,2,
10,1,1,4,0,7,4,18,9,2,4
Dickson profile,,,,,,,,,2,4
X. Dickson,,,,,,,,,2,4
A,,,,,,,,,2,4
22,1,0,0,1,0,0,2,2,2,4
Rexrode profile,,,,,,,,,2,4
M. Rexrode,,,,,,,,,2,4
D,,,,,,,,,2,4
77,1,0,0,0,0,0,5,5,2,4
Adler profile,,,,,,,,,2,4
G. Adler,,,,,,,,,2,4
D,,,,,,,,,2,4
9,0,20,0,0,0,0,20,20,2,4
Baptiste profile,,,,,,,,,2,4
T. Baptiste,,,,,,,,,2,4
FO,,,,,,,,,2,4
98,0,5,3,0,6,3,15,7,2,4
Bowering profile,,,,,,,,,2,4
R. Bowering,,,,,,,,,2,4
M,,,,,,,,,2,4
6,0,4,2,0,4,4,35,30,2,4
Aitken profile,,,,,,,,,2,4
D. Aitken,,,,,,,,,2,4
M,,,,,,,,,2,4
42,0,3,0,0,0,0,14,13,2,4
Troutner profile,,,,,,,,,2,4
T. Troutner,,,,,,,,,2,4
G,,,,,,,,,2,4
88,0,2,1,0,4,4,24,20,2,4
Jacoby profile,,,,,,,,,2,4
R. Jacoby,,,,,,,,,2,4
M,,,,,,,,,2,4
0,0,1,2,0,2,2,5,3,2,4
Smith profile,,,,,,,,,2,4
K. Smith,,,,,,,,,2,4
LSM,,,,,,,,,2,4
91,0,1,0,0,1,1,9,8,2,4
Logan profile,,,,,,,,,2,4
D. Logan,,,,,,,,,2,4
SSDM,,,,,,,,,2,4
5,0,1,0,0,0,0,6,6,2,4
Carpenter profile,,,,,,,,,2,4
T. Carpenter,,,,,,,,,2,4
LSM,,,,,,,,,2,4
8,0,1,0,0,5,1,25,18,2,4
Jones profile,,,,,,,,,2,
M. Jones,,,,,,,,,2,
M,,,,,,,,,,
,,,,,,,,,,
,CT,GB,P,PEN,SH,SOG,TCH,PAS,,
99,2,2,2,0,1,1,12,10,3,5
Rowlett profile,,,,,,,,,3,5
J. Rowlett,,,,,,,,,3,5
D,,,,,,,,,3,5
9,1,3,0,0,1,1,9,7,3,5
Costabile profile,,,,,,,,,3,5
CJ Costabile,,,,,,,,,3,5
LSM,,,,,,,,,3,5
73,0,5,0,1,1,1,7,5,3,5
Rowlett profile,,,,,,,,,3,5
N. Rowlett,,,,,,,,,3,5
FO,,,,,,,,,3,5
34,0,4,2,0,1,1,11,10,3,5
Resch profile,,,,,,,,,3,5
P. Resch,,,,,,,,,3,5
SSDM,,,,,,,,,3,5
13,0,2,0,0,0,0,7,7,3,5
Geddes profile,,,,,,,,,3,5
Z. Geddes,,,,,,,,,3,5
SSDM,,,,,,,,,3,5
14,0,2,0,0,0,0,11,11,3,5
Kaut profile,,,,,,,,,3,5
A. Kaut,,,,,,,,,3,5
G,,,,,,,,,3,5
24,0,2,0,1,0,0,4,4,3,5
Bowen profile,,,,,,,,,3,5
W. Bowen,,,,,,,,,3,5
D,,,,,,,,,3,5
10,0,2,0,0,0,0,5,5,3,5
Reh profile,,,,,,,,,3,5
T. Reh,,,,,,,,,3,5
LSM,,,,,,,,,3,5
30,0,1,3,0,2,2,12,8,3,5
Perkovic profile,,,,,,,,,3,5
S. Perkovic,,,,,,,,,3,5
M,,,,,,,,,3,5
55,0,1,3,0,4,3,9,5,3,5
MacKay profile,,,,,,,,,3,5
I. MacKay,,,,,,,,,3,5
SSDM,,,,,,,,,3,5
1,0,1,2,0,1,1,14,11,3,5
Jackson profile,,,,,,,,,3,5
K. Jackson,,,,,,,,,3,5
M,,,,,,,,,3,5
0,0,1,1,0,0,0,7,7,3,5
Riorden profile,,,,,,,,,3,5
B. Riorden,,,,,,,,,3,5
G,,,,,,,,,3,5
27,0,1,1,0,2,1,22,19,3,5
Knobloch profile,,,,,,,,,3,5
S. Knobloch,,,,,,,,,3,5
M,,,,,,,,,3,5
88,0,1,0,0,0,0,7,7,3,5
Neumann profile,,,,,,,,,,
J. Neumann,,,,,,,,,,
D,,,,,,,,,,
,,,,,,,,,,
,CT,GB,P,PEN,SH,SOG,TCH,PAS,,
1,3,0,0,0,0,0,8,8,3,6
Giles-Harris profile,,,,,,,,,3,6
JT Giles-Harris,,,,,,,,,3,6
D,,,,,,,,,3,6
52,1,10,0,0,1,1,8,5,3,6
Wierman profile,,,,,,,,,3,6
L. Wierman,,,,,,,,,3,6
FO,,,,,,,,,3,6
88,1,5,1,0,1,1,13,10,3,6
Piseno profile,,,,,,,,,3,6
J. Piseno,,,,,,,,,3,6
LSM,,,,,,,,,3,6
36,1,2,0,0,0,0,7,7,3,6
Bernhardt profile,,,,,,,,,3,6
J. Bernhardt,,,,,,,,,3,6
D,,,,,,,,,3,6
34,1,1,1,0,1,1,9,8,3,6
Terefenko profile,,,,,,,,,3,6
R. Terefenko,,,,,,,,,3,6
SSDM,,,,,,,,,3,6
0,1,1,1,0,1,0,8,7,3,6
Messenger profile,,,,,,,,,3,6
M. Messenger,,,,,,,,,3,6
SSDM,,,,,,,,,3,6
5,1,1,0,0,0,0,5,5,3,6
Manley profile,,,,,,,,,3,6
M. Manley,,,,,,,,,3,6
D,,,,,,,,,3,6
21,0,5,1,0,3,2,16,12,3,6
Anderson profile,,,,,,,,,3,6
J. Anderson,,,,,,,,,3,6
SSDM,,,,,,,,,3,6
8,0,3,0,0,0,0,4,4,3,6
Grill profile,,,,,,,,,3,6
N. Grill,,,,,,,,,3,6
LSM,,,,,,,,,3,6
26,0,1,4,0,8,4,28,19,3,6
Handley profile,,,,,,,,,3,6
S. Handley,,,,,,,,,3,6
M,,,,,,,,,3,6
31,0,1,0,0,0,0,10,10,3,6
Sconone profile,,,,,,,,,,
S. Sconone,,,,,,,,,,
G,,,,,,,,,,
,,,,,,,,,,
,CT,GB,P,PEN,SH,SOG,TCH,PAS,,
0,2,2,0,0,0,0,14,14,4,7
Krebs profile,,,,,,,,,4,7
B. Krebs,,,,,,,,,4,7
G,,,,,,,,,4,7
14,1,5,0,0,0,0,10,10,4,7
Muller profile,,,,,,,,,4,7
T. Muller,,,,,,,,,4,7
D,,,,,,,,,4,7
5,1,3,0,0,0,0,6,6,4,7
Zappitello profile,,,,,,,,,4,7
A. Zappitello,,,,,,,,,4,7
D,,,,,,,,,4,7
22,0,3,0,0,0,0,4,4,4,7
LaSalla profile,,,,,,,,,4,7
P. LaSalla,,,,,,,,,4,7
FO,,,,,,,,,4,7
39,0,2,0,0,2,0,5,3,4,7
Squires profile,,,,,,,,,4,7
C. Squires,,,,,,,,,4,7
LSM,,,,,,,,,4,7
8,0,1,1,0,1,1,8,6,4,7
Puglise profile,,,,,,,,,4,7
R. Puglise,,,,,,,,,4,7
SSDM,,,,,,,,,4,7
76,0,1,0,0,2,2,16,14,4,7
Khan profile,,,,,,,,,4,7
K. Khan,,,,,,,,,4,7
M,,,,,,,,,4,7
77,0,1,0,0,0,0,2,2,4,7
Zupicich profile,,,,,,,,,4,7
S. Zupicich,,,,,,,,,4,7
LSM,,,,,,,,,4,7
10,0,1,0,0,1,1,16,14,4,7
Heacock profile,,,,,,,,,4,
C. Heacock,,,,,,,,,4,
M,,,,,,,,,4,
,,,,,,,,,4,
,CT,GB,P,PEN,SH,SOG,TCH,PAS,4,
77,2,2,0,0,0,0,7,7,4,4
Adler profile,,,,,,,,,4,4
G. Adler,,,,,,,,,4,4
D,,,,,,,,,4,4
5,1,6,1,0,1,1,9,8,4,4
Carpenter profile,,,,,,,,,4,4
T. Carpenter,,,,,,,,,4,4
LSM,,,,,,,,,4,4
9,0,11,1,0,1,1,12,11,4,4
Baptiste profile,,,,,,,,,4,4
T. Baptiste,,,,,,,,,4,4
FO,,,,,,,,,4,4
4,0,2,4,0,5,4,34,28,4,4
Molloy profile,,,,,,,,,4,4
D. Molloy,,,,,,,,,4,4
M,,,,,,,,,4,4
6,0,2,3,0,6,5,26,17,4,4
Aitken profile,,,,,,,,,4,4
D. Aitken,,,,,,,,,4,4
M,,,,,,,,,4,4
57,0,2,0,0,1,0,9,8,4,4
Comizio profile,,,,,,,,,4,4
C. Comizio,,,,,,,,,4,4
SSDM,,,,,,,,,4,4
42,0,2,0,0,0,0,18,18,4,4
Troutner profile,,,,,,,,,4,4
T. Troutner,,,,,,,,,4,4
G,,,,,,,,,4,4
88,0,1,1,0,3,2,14,11,4,4
Jacoby profile,,,,,,,,,4,4
R. Jacoby,,,,,,,,,4,4
M,,,,,,,,,4,4
34,0,1,0,1,0,0,9,8,4,4
Rezanka profile,,,,,,,,,4,4
P. Rezanka,,,,,,,,,4,4
SSDM,,,,,,,,,4,4
98,0,1,0,0,0,0,3,3,4,4
Bowering profile,,,,,,,,,,
R. Bowering,,,,,,,,,,
M,,,,,,,,,,
,,,,,,,,,,
,CT,GB,P,PEN,SH,SOG,TCH,PAS,,
3,1,2,4,0,4,3,41,35,5,8
Pannell profile,,,,,,,,,5,8
R. Pannell,,,,,,,,,5,8
A,,,,,,,,,5,8
70,1,2,0,0,0,0,11,11,5,8
Garlent profile,,,,,,,,,5,8
H. Garlent,,,,,,,,,5,8
D,,,,,,,,,5,8
94,1,1,0,0,1,0,26,25,5,8
Kelly profile,,,,,,,,,5,8
J. Kelly,,,,,,,,,5,8
G,,,,,,,,,5,8
23,1,1,0,0,0,0,5,5,5,8
Merle profile,,,,,,,,,5,8
C. Merle,,,,,,,,,5,8
SSDM,,,,,,,,,5,8
5,1,1,0,0,6,1,16,10,5,8
Dennis profile,,,,,,,,,5,8
R. Dennis,,,,,,,,,5,8
M,,,,,,,,,5,8
6,0,10,1,0,2,1,8,6,5,8
Ierlan profile,,,,,,,,,5,8
TD Ierlan,,,,,,,,,5,8
FO,,,,,,,,,5,8
28,0,4,0,1,0,0,8,7,5,8
Conners profile,,,,,,,,,5,8
J. Conners,,,,,,,,,5,8
LSM,,,,,,,,,5,8
31,0,2,0,0,1,0,12,11,5,8
Fake profile,,,,,,,,,5,8
C. Fake,,,,,,,,,5,8
D,,,,,,,,,5,8
26,0,2,0,0,1,1,5,4,5,8
Davis-Allen profile,,,,,,,,,5,8
I. Davis-Allen,,,,,,,,,5,8
SSDM,,,,,,,,,5,8
41,0,1,2,0,5,5,20,15,5,8
Bertrand profile,,,,,,,,,5,8
C. Bertrand,,,,,,,,,5,8
M,,,,,,,,,5,8
12,0,1,1,0,0,0,11,11,5,8
Tevlin profile,,,,,,,,,5,8
B. Tevlin,,,,,,,,,5,8
SSDM,,,,,,,,,5,8
40,0,1,0,0,0,0,3,2,5,8
Cohen profile,,,,,,,,,5,8
A. Cohen,,,,,,,,,5,8
D,,,,,,,,,5,8
1,0,1,0,0,5,3,24,17,5,8
Montgomery profile,,,,,,,,,,
N. Montgomery,,,,,,,,,,
M,,,,,,,,,,
,,,,,,,,,,
,CT,GB,P,PEN,SH,SOG,TCH,PAS,,
99,2,4,0,0,0,0,6,4,5,5
Rowlett profile,,,,,,,,,5,5
J. Rowlett,,,,,,,,,5,5
D,,,,,,,,,5,5
13,1,3,0,0,1,1,11,10,5,5
Geddes profile,,,,,,,,,5,5
Z. Geddes,,,,,,,,,5,5
SSDM,,,,,,,,,5,5
24,1,1,0,0,0,0,7,7,5,5
Bowen profile,,,,,,,,,5,5
W. Bowen,,,,,,,,,5,5
D,,,,,,,,,5,5
9,1,1,0,0,0,0,3,2,5,5
Costabile profile,,,,,,,,,5,5
CJ Costabile,,,,,,,,,5,5
LSM,,,,,,,,,5,5
34,1,0,0,0,0,0,9,9,5,5
Resch profile,,,,,,,,,5,5
P. Resch,,,,,,,,,5,5
SSDM,,,,,,,,,5,5
73,0,6,1,0,3,2,7,2,5,5
Rowlett profile,,,,,,,,,5,5
N. Rowlett,,,,,,,,,5,5
FO,,,,,,,,,5,5
10,0,3,0,0,0,0,5,5,5,5
Reh profile,,,,,,,,,5,5
T. Reh,,,,,,,,,5,5
LSM,,,,,,,,,5,5
14,0,2,0,0,0,0,20,18,5,5
Kaut profile,,,,,,,,,5,5
A. Kaut,,,,,,,,,5,5
G,,,,,,,,,5,5
88,0,2,0,0,0,0,2,2,5,5
Neumann profile,,,,,,,,,5,5
J. Neumann,,,,,,,,,5,5
D,,,,,,,,,5,5
30,0,1,0,0,3,2,13,9,5,5
Perkovic profile,,,,,,,,,5,5
S. Perkovic,,,,,,,,,5,5
M,,,,,,,,,5,5
55,0,1,0,1,1,1,4,3,5,5
MacKay profile,,,,,,,,,,
I. MacKay,,,,,,,,,,
SSDM,,,,,,,,,,
,,,,,,,,,,
,CT,GB,P,PEN,SH,SOG,TCH,PAS,,
54,2,4,1,0,3,2,17,13,6,1
Bond profile,,,,,,,,,6,1
P. Bond,,,,,,,,,6,1
SSDM,,,,,,,,,6,1
77,1,4,0,0,1,0,9,8,6,1
Woodward profile,,,,,,,,,6,1
M. Woodward,,,,,,,,,6,1
D,,,,,,,,,6,1
24,1,3,0,0,0,0,3,3,6,1
Barsz profile,,,,,,,,,6,1
C. Barsz,,,,,,,,,6,1
D,,,,,,,,,6,1
41,1,1,0,0,0,0,4,4,6,1
Robbins profile,,,,,,,,,6,1
J. Robbins,,,,,,,,,6,1
LSM,,,,,,,,,6,1
31,1,1,0,0,1,1,4,3,6,1
Maher profile,,,,,,,,,6,1
C. Maher,,,,,,,,,6,1
SSDM,,,,,,,,,6,1
99,0,7,0,0,0,0,8,6,6,1
Sisselberger profile,,,,,,,,,6,1
M. Sisselberger,,,,,,,,,6,1
FO,,,,,,,,,6,1
27,0,4,0,0,0,0,5,5,6,1
Jeffrey profile,,,,,,,,,6,1
W. Jeffrey,,,,,,,,,6,1
D,,,,,,,,,6,1
89,0,2,0,0,0,0,6,6,6,1
Pederson profile,,,,,,,,,6,1
B. Pederson,,,,,,,,,6,1
SSDM,,,,,,,,,6,1
20,0,2,0,1,0,0,4,4,6,1
Wyers profile,,,,,,,,,6,1
C. Wyers,,,,,,,,,6,1
D,,,,,,,,,6,1
44,0,1,5,0,5,5,13,7,6,1
Leclaire profile,,,,,,,,,6,1
T. Leclaire,,,,,,,,,6,1
M,,,,,,,,,6,1
26,0,1,2,0,4,2,25,21,6,1
Schreiber profile,,,,,,,,,6,1
T. Schreiber,,,,,,,,,6,1
M,,,,,,,,,6,1
42,0,1,2,0,2,1,10,8,6,1
Aughavin profile,,,,,,,,,6,1
R. Aughavin,,,,,,,,,6,1
M,,,,,,,,,6,1
13,0,1,1,0,2,2,14,12,6,1
Ambler profile,,,,,,,,,6,
R. Ambler,,,,,,,,,6,
M,,,,,,,,,6,
,,,,,,,,,6,
,CT,GB,P,PEN,SH,SOG,TCH,PAS,6,
5,2,2,0,0,0,0,8,8,6,6
Manley profile,,,,,,,,,6,6
M. Manley,,,,,,,,,6,6
D,,,,,,,,,6,6
1,1,3,0,0,0,0,18,17,6,6
Giles-Harris profile,,,,,,,,,6,6
JT Giles-Harris,,,,,,,,,6,6
D,,,,,,,,,6,6
21,1,2,2,0,3,1,16,13,6,6
Anderson profile,,,,,,,,,6,6
J. Anderson,,,,,,,,,6,6
SSDM,,,,,,,,,6,6
52,0,11,1,0,2,1,14,11,6,6
Wierman profile,,,,,,,,,6,6
L. Wierman,,,,,,,,,6,6
FO,,,,,,,,,6,6
0,0,5,0,0,1,0,9,7,6,6
Messenger profile,,,,,,,,,6,6
M. Messenger,,,,,,,,,6,6
SSDM,,,,,,,,,6,6
34,0,2,0,1,0,0,11,9,6,6
Terefenko profile,,,,,,,,,6,6
R. Terefenko,,,,,,,,,6,6
SSDM,,,,,,,,,6,6
88,0,2,0,0,2,2,11,8,6,6
Piseno profile,,,,,,,,,6,6
J. Piseno,,,,,,,,,6,6
LSM,,,,,,,,,6,6
7,0,1,2,0,8,3,20,12,6,6
Bundy profile,,,,,,,,,6,6
G. Bundy,,,,,,,,,6,6
M,,,,,,,,,6,6
24,0,1,0,0,0,0,15,15,6,6
McElroy profile,,,,,,,,,6,6
O. McElroy,,,,,,,,,6,6
G,,,,,,,,,6,6
36,0,1,0,0,0,0,10,10,6,6
Bernhardt profile,,,,,,,,,,
J. Bernhardt,,,,,,,,,,
D,,,,,,,,,,
,,,,,,,,,,
,CT,GB,P,PEN,SH,SOG,TCH,PAS,,
77,3,2,0,0,0,0,7,7,7,4
Adler profile,,,,,,,,,7,4
G. Adler,,,,,,,,,7,4
D,,,,,,,,,7,4
5,2,9,2,0,2,2,12,10,7,4
Carpenter profile,,,,,,,,,7,4
T. Carpenter,,,,,,,,,7,4
LSM,,,,,,,,,7,4
42,2,3,0,0,1,1,16,15,7,4
Troutner profile,,,,,,,,,7,4
T. Troutner,,,,,,,,,7,4
G,,,,,,,,,7,4
91,1,1,0,3,0,0,8,8,7,4
Logan profile,,,,,,,,,7,4
D. Logan,,,,,,,,,7,4
SSDM,,,,,,,,,7,4
22,1,0,0,0,0,0,1,1,7,4
Rexrode profile,,,,,,,,,7,4
M. Rexrode,,,,,,,,,7,4
D,,,,,,,,,7,4
34,1,0,0,1,0,0,2,2,7,4
Rezanka profile,,,,,,,,,7,4
P. Rezanka,,,,,,,,,7,4
SSDM,,,,,,,,,7,4
9,0,12,1,0,2,1,15,12,7,4
Baptiste profile,,,,,,,,,7,4
T. Baptiste,,,,,,,,,7,4
FO,,,,,,,,,7,4
8,0,4,3,0,6,4,31,23,7,4
Jones profile,,,,,,,,,7,4
M. Jones,,,,,,,,,7,4
M,,,,,,,,,7,4
57,0,3,0,0,1,1,12,10,7,4
Comizio profile,,,,,,,,,7,4
C. Comizio,,,,,,,,,7,4
SSDM,,,,,,,,,7,4
6,0,1,2,1,8,3,32,23,7,4
Aitken profile,,,,,,,,,7,4
D. Aitken,,,,,,,,,7,4
M,,,,,,,,,7,4
0,0,1,0,1,0,0,6,5,7,4
Smith profile,,,,,,,,,7,4
K. Smith,,,,,,,,,7,4
LSM,,,,,,,,,7,4
43,0,1,0,1,1,0,8,7,7,4
Makar profile,,,,,,,,,7,4
B. Makar,,,,,,,,,7,4
D,,,,,,,,,7,4
98,0,1,0,1,2,1,6,3,7,4
Bowering profile,,,,,,,,,7,
R. Bowering,,,,,,,,,7,
M,,,,,,,,,7,
,,,,,,,,,7,
,CT,GB,P,PEN,SH,SOG,TCH,PAS,7,
10,2,0,0,0,1,1,5,2,7,5
Reh profile,,,,,,,,,7,5
T. Reh,,,,,,,,,7,5
LSM,,,,,,,,,7,5
5,1,2,0,0,0,0,4,4,7,5
McNulty profile,,,,,,,,,7,5
R. McNulty,,,,,,,,,7,5
LSM,,,,,,,,,7,5
14,1,2,0,0,0,0,10,10,7,5
Kaut profile,,,,,,,,,7,5
A. Kaut,,,,,,,,,7,5
G,,,,,,,,,7,5
88,1,2,0,1,0,0,6,6,7,5
Neumann profile,,,,,,,,,7,5
J. Neumann,,,,,,,,,7,5
D,,,,,,,,,7,5
34,1,1,0,1,1,1,6,5,7,5
Resch profile,,,,,,,,,7,5
P. Resch,,,,,,,,,7,5
SSDM,,,,,,,,,7,5
30,1,0,3,0,3,3,25,21,7,5
Perkovic profile,,,,,,,,,7,5
S. Perkovic,,,,,,,,,7,5
M,,,,,,,,,7,5
73,0,4,0,0,1,1,3,1,7,5
Rowlett profile,,,,,,,,,7,5
N. Rowlett,,,,,,,,,7,5
FO,,,,,,,,,7,5
13,0,2,3,1,3,3,6,3,7,5
Geddes profile,,,,,,,,,7,5
Z. Geddes,,,,,,,,,7,5
SSDM,,,,,,,,,7,5
1,0,1,1,1,4,2,17,12,7,5
Jackson profile,,,,,,,,,7,5
K. Jackson,,,,,,,,,7,5
M,,,,,,,,,7,5
55,0,1,0,0,0,0,5,4,7,5
MacKay profile,,,,,,,,,,
I. MacKay,,,,,,,,,,
SSDM,,,,,,,,,,
,,,,,,,,,,
,CT,GB,P,PEN,SH,SOG,TCH,PAS,,
39,3,2,0,0,0,0,2,2,8,7
Squires profile,,,,,,,,,8,7
C. Squires,,,,,,,,,8,7
LSM,,,,,,,,,8,7
33,3,0,0,0,0,0,4,4,8,7
Dunn profile,,,,,,,,,8,7
M. Dunn,,,,,,,,,8,7
D,,,,,,,,,8,7
14,1,2,0,0,0,0,6,6,8,7
Muller profile,,,,,,,,,8,7
T. Muller,,,,,,,,,8,7
D,,,,,,,,,8,7
76,1,1,1,0,3,3,16,13,8,7
Khan profile,,,,,,,,,8,7
K. Khan,,,,,,,,,8,7
M,,,,,,,,,8,7
1,1,1,0,0,3,2,24,21,8,7
Chanenchuk profile,,,,,,,,,8,7
M. Chanenchuk,,,,,,,,,8,7
M,,,,,,,,,8,7
91,0,13,0,0,2,1,15,11,8,7
Nardella profile,,,,,,,,,8,7
J. Nardella,,,,,,,,,8,7
FO,,,,,,,,,8,7
0,0,7,0,0,0,0,19,18,8,7
Krebs profile,,,,,,,,,8,7
B. Krebs,,,,,,,,,8,7
G,,,,,,,,,8,7
5,0,2,0,0,0,0,5,5,8,7
Zappitello profile,,,,,,,,,8,
A. Zappitello,,,,,,,,,8,
D,,,,,,,,,8,
,,,,,,,,,8,
,CT,GB,P,PEN,SH,SOG,TCH,PAS,8,
52,4,2,0,0,0,0,9,9,8,3
Epple profile,,,,,,,,,8,3
G. Epple,,,,,,,,,8,3
D,,,,,,,,,8,3
1,1,3,5,0,8,7,47,35,8,3
Holman profile,,,,,,,,,8,3
M. Holman,,,,,,,,,8,3
A,,,,,,,,,8,3
13,1,3,0,0,0,0,5,4,8,3
Chick profile,,,,,,,,,8,3
C. Chick,,,,,,,,,8,3
LSM,,,,,,,,,8,3
41,1,3,0,0,0,0,8,7,8,3
Young profile,,,,,,,,,8,3
B. Young,,,,,,,,,8,3
D,,,,,,,,,8,3
77,1,0,0,0,3,0,8,4,8,3
van Raaphorst profile,,,,,,,,,8,3
C. van Raaphorst,,,,,,,,,8,3
D,,,,,,,,,8,3
4,0,5,0,1,2,1,6,3,8,3
Tucci profile,,,,,,,,,8,3
Z. Tucci,,,,,,,,,8,3
FO,,,,,,,,,8,3
5,0,4,0,0,0,0,15,15,8,3
Kirst profile,,,,,,,,,8,3
C. Kirst,,,,,,,,,8,3
G,,,,,,,,,8,3
20,0,2,2,0,5,4,22,16,8,3
Campbell profile,,,,,,,,,8,3
M. Campbell,,,,,,,,,8,3
M,,,,,,,,,8,3
35,0,2,0,0,1,1,3,2,8,3
Rall profile,,,,,,,,,8,3
E. Rall,,,,,,,,,8,3
LSM,,,,,,,,,8,3
43,0,2,0,0,0,0,7,7,8,3
Trainor profile,,,,,,,,,8,3
J. Trainor,,,,,,,,,8,3
SSDM,,,,,,,,,8,3
14,0,2,0,1,0,0,2,2,8,3
Goodrich profile,,,,,,,,,,
Z. Goodrich,,,,,,,,,,
SSDM,,,,,,,,,,
,,,,,,,,,,
,CT,GB,P,PEN,SH,SOG,TCH,PAS,,
77,1,5,0,0,1,0,7,6,9,3
van Raaphorst profile,,,,,,,,,9,3
C. van Raaphorst,,,,,,,,,9,3
D,,,,,,,,,9,3
35,1,1,0,0,0,0,3,2,9,3
Rall profile,,,,,,,,,9,3
E. Rall,,,,,,,,,9,3
LSM,,,,,,,,,9,3
43,1,1,0,1,0,0,7,6,9,3
Trainor profile,,,,,,,,,9,3
J. Trainor,,,,,,,,,9,3
SSDM,,,,,,,,,9,3
41,1,0,0,3,0,0,1,1,9,3
Young profile,,,,,,,,,9,3
B. Young,,,,,,,,,9,3
D,,,,,,,,,9,3
4,0,13,4,0,4,4,11,7,9,3
Tucci profile,,,,,,,,,9,3
Z. Tucci,,,,,,,,,9,3
FO,,,,,,,,,9,3
34,0,3,1,0,2,2,12,10,9,3
Kirst profile,,,,,,,,,9,3
C. Kirst,,,,,,,,,9,3
M,,,,,,,,,9,3
2,0,3,0,0,1,1,10,7,9,3
Fairman profile,,,,,,,,,9,3
B. Fairman,,,,,,,,,9,3
SSDM,,,,,,,,,9,3
20,0,2,3,0,4,2,28,23,9,3
Campbell profile,,,,,,,,,9,3
M. Campbell,,,,,,,,,9,3
M,,,,,,,,,9,3
52,0,2,0,0,0,0,8,8,9,3
Epple profile,,,,,,,,,9,3
G. Epple,,,,,,,,,9,3
D,,,,,,,,,9,3
5,0,2,0,0,0,0,11,11,9,3
Kirst profile,,,,,,,,,9,3
C. Kirst,,,,,,,,,9,3
G,,,,,,,,,9,3
22,0,1,0,0,2,1,22,20,9,3
Drenner profile,,,,,,,,,9,
R. Drenner,,,,,,,,,9,
M,,,,,,,,,9,
,,,,,,,,,9,
,CT,GB,P,PEN,SH,SOG,TCH,PAS,9,
77,2,4,1,0,2,2,18,14,9,2
Currier profile,,,,,,,,,9,2
Z. Currier,,,,,,,,,9,2
M,,,,,,,,,9,2
44,2,1,0,1,0,0,9,9,9,2
Randall profile,,,,,,,,,9,2
B. Randall,,,,,,,,,9,2
D,,,,,,,,,9,2
21,2,0,0,0,0,0,8,8,9,2
Byrnes profile,,,,,,,,,9,2
L. Byrnes,,,,,,,,,9,2
D,,,,,,,,,9,2
11,1,3,0,0,0,0,7,7,9,2
Hudgins profile,,,,,,,,,9,2
M. Hudgins,,,,,,,,,9,2
D,,,,,,,,,9,2
27,1,2,0,1,0,0,4,4,9,2
Richard profile,,,,,,,,,9,2
J. Richard,,,,,,,,,9,2
SSDM,,,,,,,,,9,2
50,1,2,0,0,0,0,7,7,9,2
Scarpello profile,,,,,,,,,9,2
C. Scarpello,,,,,,,,,9,2
SSDM,,,,,,,,,9,2
17,1,2,0,0,0,0,4,3,9,2
Rees profile,,,,,,,,,9,2
R. Rees,,,,,,,,,9,2
LSM,,,,,,,,,9,2
37,0,4,0,0,0,0,14,14,9,2
Ward profile,,,,,,,,,9,2
D. Ward,,,,,,,,,9,2
G,,,,,,,,,9,2
15,0,1,2,0,8,6,18,9,9,2
Conrad profile,,,,,,,,,9,2
R. Conrad,,,,,,,,,9,2
M,,,,,,,,,9,2
19,0,1,0,0,1,1,12,10,9,2
Carraway profile,,,,,,,,,,
J. Carraway,,,,,,,,,,
M,,,,,,,,,,
,,,,,,,,,,
,CT,GB,P,PEN,SH,SOG,TCH,PAS,,
41,1,2,0,0,0,0,3,3,10,1
Robbins profile,,,,,,,,,10,1
J. Robbins,,,,,,,,,10,1
LSM,,,,,,,,,10,1
31,1,2,0,1,0,0,6,5,10,1
Maher profile,,,,,,,,,10,1
C. Maher,,,,,,,,,10,1
SSDM,,,,,,,,,10,1
20,1,2,0,0,1,0,5,4,10,1
Wyers profile,,,,,,,,,10,1
C. Wyers,,,,,,,,,10,1
D,,,,,,,,,10,1
7,1,0,3,0,9,6,25,14,10,1
O'Keefe profile,,,,,,,,,10,1
M. O'Keefe,,,,,,,,,10,1
A,,,,,,,,,10,1
27,1,0,0,0,0,0,7,6,10,1
Jeffrey profile,,,,,,,,,10,1
W. Jeffrey,,,,,,,,,10,1
D,,,,,,,,,10,1
99,0,5,0,0,0,0,6,4,10,1
Sisselberger profile,,,,,,,,,10,1
M. Sisselberger,,,,,,,,,10,1
FO,,,,,,,,,10,1
54,0,3,0,2,0,0,11,9,10,1
Bond profile,,,,,,,,,10,1
P. Bond,,,,,,,,,10,1
SSDM,,,,,,,,,10,1
45,0,3,0,0,0,0,18,17,10,1
Dobson profile,,,,,,,,,10,1
B. Dobson,,,,,,,,,10,1
G,,,,,,,,,10,1
77,0,2,0,0,1,0,10,9,10,1
Woodward profile,,,,,,,,,10,1
M. Woodward,,,,,,,,,10,1
D,,,,,,,,,10,1
16,0,1,2,0,6,4,30,23,10,1
Ament profile,,,,,,,,,10,
G. Ament,,,,,,,,,10,
M,,,,,,,,,10,
,,,,,,,,,10,
,CT,GB,P,PEN,SH,SOG,TCH,PAS,10,
99,3,2,0,0,1,1,6,4,10,5
Rowlett profile,,,,,,,,,10,5
J. Rowlett,,,,,,,,,10,5
D,,,,,,,,,10,5
22,2,2,3,0,10,5,39,27,10,5
Byrne profile,,,,,,,,,10,5
J. Byrne,,,,,,,,,10,5
A,,,,,,,,,10,5
0,1,2,1,0,0,0,14,14,10,5
Riorden profile,,,,,,,,,10,5
B. Riorden,,,,,,,,,10,5
G,,,,,,,,,10,5
9,1,2,0,0,1,1,2,1,10,5
Costabile profile,,,,,,,,,10,5
CJ Costabile,,,,,,,,,10,5
LSM,,,,,,,,,10,5
66,1,0,2,0,5,4,19,13,10,5
Dobson profile,,,,,,,,,10,5
E. Dobson,,,,,,,,,10,5
M,,,,,,,,,10,5
88,1,0,0,0,0,0,3,3,10,5
Neumann profile,,,,,,,,,10,5
J. Neumann,,,,,,,,,10,5
D,,,,,,,,,10,5
73,0,10,0,0,1,0,9,6,10,5
Rowlett profile,,,,,,,,,10,5
N. Rowlett,,,,,,,,,10,5
FO,,,,,,,,,10,5
1,0,2,0,0,1,1,17,14,10,5
Jackson profile,,,,,,,,,10,5
K. Jackson,,,,,,,,,10,5
M,,,,,,,,,10,5
27,0,1,1,0,6,4,25,18,10,5
Knobloch profile,,,,,,,,,10,5
S. Knobloch,,,,,,,,,10,5
M,,,,,,,,,10,5
24,0,1,0,2,0,0,5,5,10,5
Bowen profile,,,,,,,,,10,5
W. Bowen,,,,,,,,,10,5
D,,,,,,,,,10,5
10,0,1,0,0,0,0,6,6,10,5
Reh profile,,,,,,,,,10,5
T. Reh,,,,,,,,,10,5
LSM,,,,,,,,,10,5
34,0,1,0,0,1,0,11,9,10,5
Resch profile,,,,,,,,,,
P. Resch,,,,,,,,,,
SSDM,,,,,,,,,,
,,,,,,,,,,
,CT,GB,P,PEN,SH,SOG,TCH,PAS,,
26,2,1,1,0,0,0,4,4,11,8
Davis-Allen profile,,,,,,,,,11,8
I. Davis-Allen,,,,,,,,,11,8
SSDM,,,,,,,,,11,8
23,2,1,0,1,0,0,9,9,11,8
Merle profile,,,,,,,,,11,8
C. Merle,,,,,,,,,11,8
SSDM,,,,,,,,,11,8
6,1,14,1,0,2,1,14,11,11,8
Ierlan profile,,,,,,,,,11,8
TD Ierlan,,,,,,,,,11,8
FO,,,,,,,,,11,8
12,1,2,1,0,2,2,10,6,11,8
Tevlin profile,,,,,,,,,11,8
B. Tevlin,,,,,,,,,11,8
SSDM,,,,,,,,,11,8
28,1,2,0,0,1,1,6,4,11,8
Conners profile,,,,,,,,,11,8
J. Conners,,,,,,,,,11,8
LSM,,,,,,,,,11,8
50,1,1,7,0,12,9,28,15,11,8
Garnsey profile,,,,,,,,,11,8
R. Garnsey,,,,,,,,,11,8
A,,,,,,,,,11,8
4,1,1,2,0,4,3,22,15,11,8
Gray profile,,,,,,,,,11,8
C. Gray,,,,,,,,,11,8
A,,,,,,,,,11,8
20,0,2,0,0,0,0,3,3,11,8
Conlin profile,,,,,,,,,11,8
C. Conlin,,,,,,,,,11,8
D,,,,,,,,,11,8
44,0,1,2,0,5,4,19,13,11,8
Degnon profile,,,,,,,,,11,8
G. Degnon,,,,,,,,,11,8
M,,,,,,,,,11,8
41,0,1,2,0,6,3,24,15,11,8
Bertrand profile,,,,,,,,,11,8
C. Bertrand,,,,,,,,,11,8
M,,,,,,,,,11,8
40,0,1,1,0,0,0,2,2,11,8
Cohen profile,,,,,,,,,11,8
A. Cohen,,,,,,,,,11,8
D,,,,,,,,,11,8
70,0,1,0,0,0,0,7,6,11,8
Garlent profile,,,,,,,,,11,8
H. Garlent,,,,,,,,,11,8
D,,,,,,,,,11,8
94,0,1,0,0,0,0,9,8,11,8
Kelly profile,,,,,,,,,11,8
J. Kelly,,,,,,,,,11,8
G,,,,,,,,,11,8
1,0,1,0,0,1,1,10,7,11,8
Montgomery profile,,,,,,,,,,
N. Montgomery,,,,,,,,,,
M,,,,,,,,,,
,,,,,,,,,,
,CT,GB,P,PEN,SH,SOG,TCH,PAS,,
22,3,2,0,0,0,0,8,7,11,4
Rexrode profile,,,,,,,,,11,4
M. Rexrode,,,,,,,,,11,4
D,,,,,,,,,11,4
5,1,5,0,0,0,0,7,5,11,4
Carpenter profile,,,,,,,,,11,4
T. Carpenter,,,,,,,,,11,4
LSM,,,,,,,,,11,4
42,1,4,0,0,0,0,27,27,11,4
Troutner profile,,,,,,,,,11,4
T. Troutner,,,,,,,,,11,4
G,,,,,,,,,11,4
34,1,2,1,0,2,2,5,3,11,4
Rezanka profile,,,,,,,,,11,4
P. Rezanka,,,,,,,,,11,4
SSDM,,,,,,,,,11,4
0,1,2,0,1,1,1,7,6,11,4
Smith profile,,,,,,,,,11,4
K. Smith,,,,,,,,,11,4
LSM,,,,,,,,,11,4
26,1,1,2,0,5,2,18,13,11,4
Costabile profile,,,,,,,,,11,4
B. Costabile,,,,,,,,,11,4
M,,,,,,,,,11,4
88,1,1,1,0,2,2,9,7,11,4
Jacoby profile,,,,,,,,,11,4
R. Jacoby,,,,,,,,,11,4
M,,,,,,,,,11,4
77,1,1,0,0,0,0,5,5,11,4
Adler profile,,,,,,,,,11,4
G. Adler,,,,,,,,,11,4
D,,,,,,,,,11,4
9,0,6,0,1,1,1,10,9,11,4
Baptiste profile,,,,,,,,,11,4
T. Baptiste,,,,,,,,,11,4
FO,,,,,,,,,11,4
8,0,1,5,0,3,3,11,6,11,4
Jones profile,,,,,,,,,11,4
M. Jones,,,,,,,,,11,4
M,,,,,,,,,11,4
57,0,1,1,0,1,1,11,9,11,4
Comizio profile,,,,,,,,,11,4
C. Comizio,,,,,,,,,11,4
SSDM,,,,,,,,,11,4
91,0,1,1,1,2,2,10,8,11,4
Logan profile,,,,,,,,,11,4
D. Logan,,,,,,,,,11,4
SSDM,,,,,,,,,11,4
43,0,1,1,0,0,0,12,11,11,4
Makar profile,,,,,,,,,,
B. Makar,,,,,,,,,,
D,,,,,,,,,,
,,,,,,,,,,
,CT,GB,P,PEN,SH,SOG,TCH,PAS,,
33,3,2,2,0,2,2,5,3,12,7
Dunn profile,,,,,,,,,12,7
M. Dunn,,,,,,,,,12,7
D,,,,,,,,,12,7
5,3,1,0,0,0,0,6,5,12,7
Zappitello profile,,,,,,,,,12,7
A. Zappitello,,,,,,,,,12,7
D,,,,,,,,,12,7
36,1,1,3,1,9,5,19,9,12,7
Williams profile,,,,,,,,,12,7
Z. Williams,,,,,,,,,12,7
A,,,,,,,,,12,7
91,0,28,0,0,0,0,27,25,12,7
Nardella profile,,,,,,,,,12,7
J. Nardella,,,,,,,,,12,7
FO,,,,,,,,,12,7
39,0,5,1,0,1,1,5,4,12,7
Squires profile,,,,,,,,,12,7
C. Squires,,,,,,,,,12,7
LSM,,,,,,,,,12,7
0,0,4,0,0,0,0,9,9,12,7
Krebs profile,,,,,,,,,12,7
B. Krebs,,,,,,,,,12,7
G,,,,,,,,,12,7
14,0,3,0,0,0,0,7,7,12,7
Muller profile,,,,,,,,,12,7
T. Muller,,,,,,,,,12,7
D,,,,,,,,,12,7
48,0,1,2,0,4,1,17,12,12,7
Winkoff profile,,,,,,,,,12,7
K. Winkoff,,,,,,,,,12,7
M,,,,,,,,,12,7
15,0,1,1,1,5,3,17,12,12,7
Koras profile,,,,,,,,,12,7
J. Koras,,,,,,,,,12,7
M,,,,,,,,,12,7
40,0,1,0,0,3,1,14,10,12,7
Leadmon profile,,,,,,,,,12,7
G. Leadmon,,,,,,,,,12,7
M,,,,,,,,,12,7
83,0,1,0,0,0,0,7,5,12,7
Bernhardt profile,,,,,,,,,,
J. Bernhardt,,,,,,,,,,
SSDM,,,,,,,,,,
,,,,,,,,,,
,CT,GB,P,PEN,SH,SOG,TCH,PAS,,
11,4,3,0,0,0,0,7,7,12,2
Hudgins profile,,,,,,,,,12,2
M. Hudgins,,,,,,,,,12,2
D,,,,,,,,,12,2
23,2,4,0,0,0,0,8,7,12,2
Hayes profile,,,,,,,,,12,2
C. Hayes,,,,,,,,,12,2
SSDM,,,,,,,,,12,2
21,2,0,0,0,1,0,12,10,12,2
Byrnes profile,,,,,,,,,12,2
L. Byrnes,,,,,,,,,12,2
D,,,,,,,,,12,2
44,1,1,1,0,0,0,14,14,12,2
Randall profile,,,,,,,,,12,2
B. Randall,,,,,,,,,12,2
D,,,,,,,,,12,2
33,1,0,0,0,2,0,3,1,12,2
Whitcher profile,,,,,,,,,12,2
M. Whitcher,,,,,,,,,12,2
SSDM,,,,,,,,,12,2
37,0,3,0,0,0,0,18,17,12,2
Ward profile,,,,,,,,,12,2
D. Ward,,,,,,,,,12,2
G,,,,,,,,,12,2
19,0,2,2,0,5,2,16,11,12,2
Carraway profile,,,,,,,,,12,2
J. Carraway,,,,,,,,,12,2
M,,,,,,,,,12,2
15,0,2,2,0,5,2,25,20,12,2
Conrad profile,,,,,,,,,12,2
R. Conrad,,,,,,,,,12,2
M,,,,,,,,,12,2
50,0,2,0,0,0,0,8,8,12,2
Scarpello profile,,,,,,,,,12,2
C. Scarpello,,,,,,,,,12,2
SSDM,,,,,,,,,12,2
77,0,1,5,0,4,4,19,14,12,2
Currier profile,,,,,,,,,12,2
Z. Currier,,,,,,,,,12,2
M,,,,,,,,,12,2
27,0,1,0,0,0,0,8,8,12,2
Richard profile,,,,,,,,,12,2
J. Richard,,,,,,,,,12,2
SSDM,,,,,,,,,12,2
17,0,1,0,0,0,0,1,1,12,2
Rees profile,,,,,,,,,,
R. Rees,,,,,,,,,,
LSM,,,,,,,,,,
,,,,,,,,,,
,CT,GB,P,PEN,SH,SOG,TCH,PAS,,
22,2,2,0,0,1,1,9,8,13,4
Rexrode profile,,,,,,,,,13,4
M. Rexrode,,,,,,,,,13,4
D,,,,,,,,,13,4
77,2,2,0,0,0,0,7,7,13,4
Adler profile,,,,,,,,,13,4
G. Adler,,,,,,,,,13,4
D,,,,,,,,,13,4
0,1,4,0,0,0,0,6,5,13,4
Smith profile,,,,,,,,,13,4
K. Smith,,,,,,,,,13,4
LSM,,,,,,,,,13,4
1,1,3,2,0,3,3,34,29,13,4
Shellenberger profile,,,,,,,,,13,4
C. Shellenberger,,,,,,,,,13,4
A,,,,,,,,,13,4
5,1,3,1,0,2,2,12,10,13,4
Carpenter profile,,,,,,,,,13,4
T. Carpenter,,,,,,,,,13,4
LSM,,,,,,,,,13,4
57,1,1,0,0,0,0,4,4,13,4
Comizio profile,,,,,,,,,13,4
C. Comizio,,,,,,,,,13,4
SSDM,,,,,,,,,13,4
91,1,1,0,0,3,1,10,7,13,4
Logan profile,,,,,,,,,13,4
D. Logan,,,,,,,,,13,4
SSDM,,,,,,,,,13,4
9,0,6,0,3,1,0,7,5,13,4
Baptiste profile,,,,,,,,,13,4
T. Baptiste,,,,,,,,,13,4
FO,,,,,,,,,13,4
6,0,3,0,0,3,2,19,14,13,4
Aitken profile,,,,,,,,,13,4
D. Aitken,,,,,,,,,13,4
M,,,,,,,,,13,4
26,0,1,3,0,7,4,20,12,13,4
Costabile profile,,,,,,,,,13,4
B. Costabile,,,,,,,,,13,4
M,,,,,,,,,13,4
14,0,1,2,0,5,3,9,4,13,4
Stevens profile,,,,,,,,,13,4
J. Stevens,,,,,,,,,13,4
M,,,,,,,,,13,4
8,0,1,1,0,3,2,14,11,13,4
Jones profile,,,,,,,,,13,4
M. Jones,,,,,,,,,13,4
M,,,,,,,,,13,4
42,0,1,0,0,1,0,11,9,13,4
Troutner profile,,,,,,,,,13,4
T. Troutner,,,,,,,,,13,4
G,,,,,,,,,13,4
43,0,1,0,0,0,0,7,6,13,4
Makar profile,,,,,,,,,13,
B. Makar,,,,,,,,,13,
D,,,,,,,,,13,
,,,,,,,,,13,
,CT,GB,P,PEN,SH,SOG,TCH,PAS,13,
5,2,5,0,0,0,0,10,10,13,7
Zappitello profile,,,,,,,,,13,7
A. Zappitello,,,,,,,,,13,7
D,,,,,,,,,13,7
15,1,2,2,0,4,4,12,7,13,7
Koras profile,,,,,,,,,13,7
J. Koras,,,,,,,,,13,7
M,,,,,,,,,13,7
14,1,2,0,0,0,0,6,6,13,7
Muller profile,,,,,,,,,13,7
T. Muller,,,,,,,,,13,7
D,,,,,,,,,13,7
48,1,1,2,0,4,2,18,13,13,7
Winkoff profile,,,,,,,,,13,7
K. Winkoff,,,,,,,,,13,7
M,,,,,,,,,13,7
91,0,5,1,0,2,2,11,8,13,7
Nardella profile,,,,,,,,,13,7
J. Nardella,,,,,,,,,13,7
FO,,,,,,,,,13,7
39,0,4,0,0,0,0,6,6,13,7
Squires profile,,,,,,,,,13,7
C. Squires,,,,,,,,,13,7
LSM,,,,,,,,,13,7
8,0,3,1,0,3,1,12,9,13,7
Puglise profile,,,,,,,,,13,7
R. Puglise,,,,,,,,,13,7
SSDM,,,,,,,,,13,7
0,0,3,0,0,0,0,18,17,13,7
Krebs profile,,,,,,,,,13,7
B. Krebs,,,,,,,,,13,7
G,,,,,,,,,13,7
51,0,2,2,0,5,4,19,11,13,7
Poitras profile,,,,,,,,,13,7
A. Poitras,,,,,,,,,13,7
M,,,,,,,,,13,7
10,0,2,1,2,1,1,17,16,13,7
Heacock profile,,,,,,,,,13,7
C. Heacock,,,,,,,,,13,7
M,,,,,,,,,13,7
1,0,2,1,0,6,3,33,24,13,7
Chanenchuk profile,,,,,,,,,13,7
M. Chanenchuk,,,,,,,,,13,7
M,,,,,,,,,13,7
33,0,2,0,0,1,1,6,5,13,7
Dunn profile,,,,,,,,,13,7
M. Dunn,,,,,,,,,13,7
D,,,,,,,,,13,7
83,0,2,0,0,1,0,8,7,13,7
Bernhardt profile,,,,,,,,,13,7
J. Bernhardt,,,,,,,,,13,7
SSDM,,,,,,,,,13,7
77,0,1,0,0,1,0,3,1,13,7
Zupicich profile,,,,,,,,,,
S. Zupicich,,,,,,,,,,
LSM,,,,,,,,,,
,,,,,,,,,,
,CT,GB,P,PEN,SH,SOG,TCH,PAS,,
43,3,3,0,1,1,1,7,6,14,3
Trainor profile,,,,,,,,,14,3
J. Trainor,,,,,,,,,14,3
SSDM,,,,,,,,,14,3
52,2,3,0,2,0,0,9,8,14,3
Epple profile,,,,,,,,,14,3
G. Epple,,,,,,,,,14,3
D,,,,,,,,,14,3
77,1,3,0,0,4,0,19,13,14,3
van Raaphorst profile,,,,,,,,,14,3
C. van Raaphorst,,,,,,,,,14,3
D,,,,,,,,,14,3
41,1,2,0,1,0,0,6,6,14,3
Young profile,,,,,,,,,14,3
B. Young,,,,,,,,,14,3
D,,,,,,,,,14,3
22,1,0,4,0,5,2,29,24,14,3
Drenner profile,,,,,,,,,14,3
R. Drenner,,,,,,,,,14,3
M,,,,,,,,,14,3
2,1,0,0,0,0,0,7,7,14,3
Fairman profile,,,,,,,,,14,3
B. Fairman,,,,,,,,,14,3
SSDM,,,,,,,,,14,3
14,1,0,0,2,0,0,5,5,14,3
Goodrich profile,,,,,,,,,14,3
Z. Goodrich,,,,,,,,,14,3
SSDM,,,,,,,,,14,3
35,0,3,0,0,0,0,4,4,14,3
Rall profile,,,,,,,,,14,3
E. Rall,,,,,,,,,14,3
LSM,,,,,,,,,14,3
4,0,3,0,0,1,0,3,1,14,3
Tucci profile,,,,,,,,,14,3
Z. Tucci,,,,,,,,,14,3
FO,,,,,,,,,14,3
13,0,2,0,0,0,0,2,2,14,3
Chick profile,,,,,,,,,14,3
C. Chick,,,,,,,,,14,3
LSM,,,,,,,,,14,3
20,0,1,6,0,7,6,39,32,14,3
Campbell profile,,,,,,,,,14,3
M. Campbell,,,,,,,,,14,3
M,,,,,,,,,14,3
5,0,1,0,0,0,0,12,11,14,3
Kirst profile,,,,,,,,,,
C. Kirst,,,,,,,,,,
G,,,,,,,,,,
,,,,,,,,,,
,CT,GB,P,PEN,SH,SOG,TCH,PAS,,
81,3,2,0,1,0,0,4,2,14,1
Hossack profile,,,,,,,,,14,1
G. Hossack,,,,,,,,,14,1
D,,,,,,,,,14,1
27,2,3,0,0,0,0,7,7,14,1
Jeffrey profile,,,,,,,,,14,1
W. Jeffrey,,,,,,,,,14,1
D,,,,,,,,,14,1
45,1,5,0,0,0,0,12,12,14,1
Dobson profile,,,,,,,,,14,1
B. Dobson,,,,,,,,,14,1
G,,,,,,,,,14,1
77,1,4,0,0,1,1,13,12,14,1
Woodward profile,,,,,,,,,14,1
M. Woodward,,,,,,,,,14,1
D,,,,,,,,,14,1
31,1,1,0,0,0,0,8,8,14,1
Maher profile,,,,,,,,,14,1
C. Maher,,,,,,,,,14,1
SSDM,,,,,,,,,14,1
26,1,0,2,0,5,3,30,23,14,1
Schreiber profile,,,,,,,,,14,1
T. Schreiber,,,,,,,,,14,1
M,,,,,,,,,14,1
99,0,7,0,0,1,0,6,3,14,1
Sisselberger profile,,,,,,,,,14,1
M. Sisselberger,,,,,,,,,14,1
FO,,,,,,,,,14,1
44,0,2,1,0,2,1,20,17,14,1
Leclaire profile,,,,,,,,,14,1
T. Leclaire,,,,,,,,,14,1
M,,,,,,,,,14,1
54,0,2,0,0,1,1,13,11,14,1
Bond profile,,,,,,,,,14,1
P. Bond,,,,,,,,,14,1
SSDM,,,,,,,,,14,1
41,0,2,0,0,0,0,1,1,14,1
Robbins profile,,,,,,,,,14,1
J. Robbins,,,,,,,,,14,1
LSM,,,,,,,,,14,1
20,0,2,0,0,0,0,3,3,14,1
Wyers profile,,,,,,,,,14,1
C. Wyers,,,,,,,,,14,1
D,,,,,,,,,14,1
16,0,1,4,1,1,1,35,34,14,1
Ament profile,,,,,,,,,14,1
G. Ament,,,,,,,,,14,1
M,,,,,,,,,14,1
13,0,1,2,0,3,3,15,9,14,1
Ambler profile,,,,,,,,,,
R. Ambler,,,,,,,,,,
M,,,,,,,,,,
,,,,,,,,,,
,CT,GB,P,PEN,SH,SOG,TCH,PAS,,
40,2,4,0,2,1,1,7,6,15,8
Cohen profile,,,,,,,,,15,8
A. Cohen,,,,,,,,,15,8
D,,,,,,,,,15,8
28,2,4,0,0,2,0,10,7,15,8
Conners profile,,,,,,,,,15,8
J. Conners,,,,,,,,,15,8
LSM,,,,,,,,,15,8
70,1,3,0,0,0,0,4,3,15,8
Garlent profile,,,,,,,,,15,8
H. Garlent,,,,,,,,,15,8
D,,,,,,,,,15,8
14,1,2,2,1,4,2,10,4,15,8
Berg profile,,,,,,,,,15,8
W. Berg,,,,,,,,,15,8
A,,,,,,,,,15,8
20,1,2,0,0,0,0,11,11,15,8
Conlin profile,,,,,,,,,15,8
C. Conlin,,,,,,,,,15,8
D,,,,,,,,,15,8
1,1,1,0,0,0,0,5,5,15,8
Montgomery profile,,,,,,,,,15,8
N. Montgomery,,,,,,,,,15,8
M,,,,,,,,,15,8
23,1,0,0,0,1,0,5,4,15,8
Merle profile,,,,,,,,,15,8
C. Merle,,,,,,,,,15,8
SSDM,,,,,,,,,15,8
6,0,11,1,0,3,2,10,7,15,8
Ierlan profile,,,,,,,,,15,8
TD Ierlan,,,,,,,,,15,8
FO,,,,,,,,,15,8
94,0,4,0,0,0,0,13,13,15,8
Kelly profile,,,,,,,,,15,8
J. Kelly,,,,,,,,,15,8
G,,,,,,,,,15,8
12,0,2,0,0,1,0,12,9,15,8
Tevlin profile,,,,,,,,,15,8
B. Tevlin,,,,,,,,,15,8
SSDM,,,,,,,,,15,8
41,0,1,1,0,5,4,16,11,15,8
Bertrand profile,,,,,,,,,15,8
C. Bertrand,,,,,,,,,15,8
M,,,,,,,,,15,8
44,0,1,0,1,1,0,15,12,15,8
Degnon profile,,,,,,,,,15,8
G. Degnon,,,,,,,,,15,8
M,,,,,,,,,15,8
33,0,1,0,0,0,0,2,2,15,8
John profile,,,,,,,,,15,8
R. John,,,,,,,,,15,8
SSDM,,,,,,,,,15,8
31,0,1,0,0,0,0,8,7,15,8
Fake profile,,,,,,,,,,
C. Fake,,,,,,,,,,
D,,,,,,,,,,
,,,,,,,,,,
CT,GB,P,PEN,SH,SOG,TCH,PAS,,,
5,2,3,0,0,1,1,9,8,15,6
Manley profile,,,,,,,,,15,6
M. Manley,,,,,,,,,15,6
D,,,,,,,,,15,6
1,1,1,0,0,0,0,10,8,15,6
Giles-Harris profile,,,,,,,,,15,6
JT Giles-Harris,,,,,,,,,15,6
D,,,,,,,,,15,6
18,1,1,0,1,0,0,6,6,15,6
Haus profile,,,,,,,,,15,6
W. Haus,,,,,,,,,15,6
SSDM,,,,,,,,,15,6
21,1,0,2,0,4,3,20,15,15,6
Anderson profile,,,,,,,,,15,6
J. Anderson,,,,,,,,,15,6
SSDM,,,,,,,,,15,6
8,1,0,0,0,0,0,2,2,15,6
Grill profile,,,,,,,,,15,6
N. Grill,,,,,,,,,15,6
LSM,,,,,,,,,15,6
24,0,6,0,0,0,0,16,16,15,6
McElroy profile,,,,,,,,,15,6
O. McElroy,,,,,,,,,15,6
G,,,,,,,,,15,6
52,0,4,1,1,2,1,5,3,15,6
Wierman profile,,,,,,,,,15,6
L. Wierman,,,,,,,,,15,6
FO,,,,,,,,,15,6
36,0,3,0,0,1,0,11,10,15,6
Bernhardt profile,,,,,,,,,15,6
J. Bernhardt,,,,,,,,,15,6
D,,,,,,,,,15,6
88,0,3,0,0,1,1,9,8,15,6
Piseno profile,,,,,,,,,15,6
J. Piseno,,,,,,,,,15,6
LSM,,,,,,,,,15,6
7,0,1,5,0,7,5,28,20,15,6
Bundy profile,,,,,,,,,15,6
G. Bundy,,,,,,,,,15,6
M,,,,,,,,,15,6
26,0,1,4,0,3,0,29,24,15,6
Handley profile,,,,,,,,,15,6
S. Handley,,,,,,,,,15,6
M,,,,,,,,,15,6
11,0,1,2,0,3,2,14,11,15,6
Young profile,,,,,,,,,15,6
D. Young,,,,,,,,,15,6
M,,,,,,,,,15,6
22,0,1,1,0,2,1,18,14,15,6
Ferrara profile,,,,,,,,,,
C. Ferrara,,,,,,,,,,
M,,,,,,,,,,
,,,,,,,,,,
,CT,GB,P,PEN,SH,SOG,TCH,PAS,,
44,3,2,0,1,1,0,12,10,16,2
Randall profile,,,,,,,,,16,2
B. Randall,,,,,,,,,16,2
D,,,,,,,,,16,2
25,2,2,0,0,0,0,2,2,16,2
Gobrecht profile,,,,,,,,,16,2
E. Gobrecht,,,,,,,,,16,2
D,,,,,,,,,16,2
33,1,4,0,0,1,0,7,5,16,2
Whitcher profile,,,,,,,,,16,2
M. Whitcher,,,,,,,,,16,2
SSDM,,,,,,,,,16,2
6,1,3,5,0,7,5,33,24,16,2
McArdle profile,,,,,,,,,16,2
K. McArdle,,,,,,,,,16,2
A,,,,,,,,,16,2
21,1,2,0,0,0,0,5,5,16,2
Byrnes profile,,,,,,,,,16,2
L. Byrnes,,,,,,,,,16,2
D,,,,,,,,,16,2
37,0,6,0,0,0,0,13,13,16,2
Ward profile,,,,,,,,,16,2
D. Ward,,,,,,,,,16,2
G,,,,,,,,,16,2
3,0,3,3,0,8,5,23,15,16,2
Hannah profile,,,,,,,,,16,2
J. Hannah,,,,,,,,,16,2
M,,,,,,,,,16,2
17,0,3,2,0,2,2,6,3,16,2
Rees profile,,,,,,,,,16,2
R. Rees,,,,,,,,,16,2
LSM,,,,,,,,,16,2
73,0,3,0,0,1,0,3,2,16,2
Stathakis profile,,,,,,,,,16,2
A. Stathakis,,,,,,,,,16,2
FO,,,,,,,,,16,2
15,0,2,1,0,5,2,27,19,16,2
Conrad profile,,,,,,,,,16,2
R. Conrad,,,,,,,,,16,2
M,,,,,,,,,16,2
27,0,1,1,1,0,0,7,7,16,2
Richard profile,,,,,,,,,16,2
J. Richard,,,,,,,,,16,2
SSDM,,,,,,,,,16,2
77,0,1,0,0,2,1,16,13,16,2
Currier profile,,,,,,,,,16,2
Z. Currier,,,,,,,,,16,2
M,,,,,,,,,16,2
50,0,1,0,0,1,0,5,4,16,2
Scarpello profile,,,,,,,,,16,2
C. Scarpello,,,,,,,,,16,2
SSDM,,,,,,,,,16,2
11,0,1,0,0,0,0,7,6,16,2
Hudgins profile,,,,,,,,,16,
M. Hudgins,,,,,,,,,16,
D,,,,,,,,,16,
,,,,,,,,,16,
,CT,GB,P,PEN,SH,SOG,TCH,PAS,16,
73,2,5,0,0,1,1,4,3,16,5
Rowlett profile,,,,,,,,,16,5
N. Rowlett,,,,,,,,,16,5
FO,,,,,,,,,16,5
10,1,3,0,0,1,1,6,5,16,5
Reh profile,,,,,,,,,16,5
T. Reh,,,,,,,,,16,5
LSM,,,,,,,,,16,5
13,1,2,0,0,1,0,6,5,16,5
Geddes profile,,,,,,,,,16,5
Z. Geddes,,,,,,,,,16,5
SSDM,,,,,,,,,16,5
88,0,3,0,0,0,0,5,4,16,5
Neumann profile,,,,,,,,,16,5
J. Neumann,,,,,,,,,16,5
D,,,,,,,,,16,5
55,0,2,0,0,1,1,14,13,16,5
MacKay profile,,,,,,,,,16,5
I. MacKay,,,,,,,,,16,5
SSDM,,,,,,,,,16,5
27,0,1,1,0,4,2,20,15,16,5
Knobloch profile,,,,,,,,,16,5
S. Knobloch,,,,,,,,,16,5
M,,,,,,,,,16,5
66,0,1,1,0,2,1,19,15,16,5
Dobson profile,,,,,,,,,16,5
E. Dobson,,,,,,,,,16,5
M,,,,,,,,,16,5
24,0,1,0,0,0,0,1,1,16,5
Bowen profile,,,,,,,,,,
W. Bowen,,,,,,,,,,
D,,,,,,,,,,
,,,,,,,,,,
,CT,GB,P,PEN,SH,SOG,TCH,PAS,,
40,2,3,0,1,0,0,7,7,17,8
Cohen profile,,,,,,,,,17,8
A. Cohen,,,,,,,,,17,8
D,,,,,,,,,17,8
12,1,3,0,0,0,0,13,12,17,8
Tevlin profile,,,,,,,,,17,8
B. Tevlin,,,,,,,,,17,8
SSDM,,,,,,,,,17,8
3,1,2,3,0,8,2,40,30,17,8
Pannell profile,,,,,,,,,17,8
R. Pannell,,,,,,,,,17,8
A,,,,,,,,,17,8
50,1,2,2,0,6,2,45,33,17,8
Garnsey profile,,,,,,,,,17,8
R. Garnsey,,,,,,,,,17,8
A,,,,,,,,,17,8
20,1,1,0,0,0,0,10,10,17,8
Conlin profile,,,,,,,,,17,8
C. Conlin,,,,,,,,,17,8
D,,,,,,,,,17,8
23,1,0,0,1,0,0,7,7,17,8
Merle profile,,,,,,,,,17,8
C. Merle,,,,,,,,,17,8
SSDM,,,,,,,,,17,8
6,0,7,0,0,0,0,9,9,17,8
Ierlan profile,,,,,,,,,17,8
TD Ierlan,,,,,,,,,17,8
FO,,,,,,,,,17,8
94,0,4,0,0,0,0,22,22,17,8
Kelly profile,,,,,,,,,17,8
J. Kelly,,,,,,,,,17,8
G,,,,,,,,,17,8
28,0,2,1,0,1,1,4,3,17,8
Conners profile,,,,,,,,,17,8
J. Conners,,,,,,,,,17,8
LSM,,,,,,,,,17,8
44,0,1,0,1,3,0,16,13,17,8
Degnon profile,,,,,,,,,17,8
G. Degnon,,,,,,,,,17,8
M,,,,,,,,,17,8
1,0,1,0,0,1,1,9,8,17,8
Montgomery profile,,,,,,,,,17,8
N. Montgomery,,,,,,,,,17,8
M,,,,,,,,,17,8
45,0,1,0,0,1,0,4,3,17,8
Miezan profile,,,,,,,,,17,
R. Miezan,,,,,,,,,17,
SSDM,,,,,,,,,17,
,,,,,,,,,17,
,CT,GB,P,PEN,SH,SOG,TCH,PAS,17,
52,3,2,0,0,0,0,9,9,17,3
Epple profile,,,,,,,,,17,3
G. Epple,,,,,,,,,17,3
D,,,,,,,,,17,3
35,2,3,0,0,1,1,9,8,17,3
Rall profile,,,,,,,,,17,3
E. Rall,,,,,,,,,17,3
LSM,,,,,,,,,17,3
77,1,3,0,0,2,1,14,11,17,3
van Raaphorst profile,,,,,,,,,17,3
C. van Raaphorst,,,,,,,,,17,3
D,,,,,,,,,17,3
14,1,1,0,0,0,0,3,3,17,3
Goodrich profile,,,,,,,,,17,3
Z. Goodrich,,,,,,,,,17,3
SSDM,,,,,,,,,17,3
2,1,0,0,0,2,1,8,6,17,3
Fairman profile,,,,,,,,,17,3
B. Fairman,,,,,,,,,17,3
SSDM,,,,,,,,,17,3
4,0,4,0,1,2,1,4,2,17,3
Tucci profile,,,,,,,,,17,3
Z. Tucci,,,,,,,,,17,3
FO,,,,,,,,,17,3
5,0,2,0,0,0,0,17,16,17,3
Kirst profile,,,,,,,,,17,3
C. Kirst,,,,,,,,,17,3
G,,,,,,,,,17,3
34,0,1,0,0,3,2,14,11,17,3
Kirst profile,,,,,,,,,17,3
C. Kirst,,,,,,,,,17,3
M,,,,,,,,,17,3
20,0,1,0,0,4,1,27,23,17,3
Campbell profile,,,,,,,,,17,3
M. Campbell,,,,,,,,,17,3
M,,,,,,,,,17,3
13,0,1,0,0,0,0,2,2,17,3
Chick profile,,,,,,,,,,
C. Chick,,,,,,,,,,
LSM,,,,,,,,,,
,,,,,,,,,,
,CT,GB,P,PEN,SH,SOG,TCH,PAS,,
36,3,2,1,2,0,0,8,8,18,6
Bernhardt profile,,,,,,,,,18,6
J. Bernhardt,,,,,,,,,18,6
D,,,,,,,,,18,6
8,2,1,0,0,1,0,3,2,18,6
Grill profile,,,,,,,,,18,6
N. Grill,,,,,,,,,18,6
LSM,,,,,,,,,18,6
52,1,7,0,0,2,0,11,9,18,6
Wierman profile,,,,,,,,,18,6
L. Wierman,,,,,,,,,18,6
FO,,,,,,,,,18,6
40,1,2,2,0,7,3,14,6,18,6
Gergar profile,,,,,,,,,18,6
D. Gergar,,,,,,,,,18,6
A,,,,,,,,,18,6
88,1,2,0,1,1,1,7,6,18,6
Piseno profile,,,,,,,,,18,6
J. Piseno,,,,,,,,,18,6
LSM,,,,,,,,,18,6
5,1,0,0,0,2,0,5,3,18,6
Manley profile,,,,,,,,,18,6
M. Manley,,,,,,,,,18,6
D,,,,,,,,,18,6
21,0,1,2,0,4,3,16,9,18,6
Anderson profile,,,,,,,,,18,6
J. Anderson,,,,,,,,,18,6
SSDM,,,,,,,,,18,6
1,0,1,0,0,0,0,3,2,18,6
Giles-Harris profile,,,,,,,,,18,6
JT Giles-Harris,,,,,,,,,18,6
D,,,,,,,,,18,6
34,0,1,0,0,0,0,7,7,18,6
Terefenko profile,,,,,,,,,18,6
R. Terefenko,,,,,,,,,18,6
SSDM,,,,,,,,,18,6
18,0,1,0,0,0,0,6,6,18,6
Haus profile,,,,,,,,,18,6
W. Haus,,,,,,,,,18,6
SSDM,,,,,,,,,18,6
24,0,1,0,0,1,1,12,11,18,6
McElroy profile,,,,,,,,,,
O. McElroy,,,,,,,,,,
G,,,,,,,,,,
,,,,,,,,,,
,CT,GB,P,PEN,SH,SOG,TCH,PAS,,
43,1,3,1,0,1,1,14,12,18,4
Makar profile,,,,,,,,,18,4
B. Makar,,,,,,,,,18,4
D,,,,,,,,,18,4
44,1,3,0,0,0,0,20,20,18,4
Entenmann profile,,,,,,,,,18,4
L. Entenmann,,,,,,,,,18,4
G,,,,,,,,,18,4
22,1,2,0,0,0,0,6,6,18,4
Rexrode profile,,,,,,,,,18,4
M. Rexrode,,,,,,,,,18,4
D,,,,,,,,,18,4
10,1,1,3,0,5,4,12,4,18,4
Dickson profile,,,,,,,,,18,4
X. Dickson,,,,,,,,,18,4
A,,,,,,,,,18,4
5,0,6,0,0,1,0,8,6,18,4
Carpenter profile,,,,,,,,,18,4
T. Carpenter,,,,,,,,,18,4
LSM,,,,,,,,,18,4
9,0,4,2,0,2,2,6,4,18,4
Baptiste profile,,,,,,,,,18,4
T. Baptiste,,,,,,,,,18,4
FO,,,,,,,,,18,4
26,0,2,4,0,7,4,31,22,18,4
Costabile profile,,,,,,,,,18,4
B. Costabile,,,,,,,,,18,4
M,,,,,,,,,18,4
77,0,2,0,0,0,0,5,5,18,4
Adler profile,,,,,,,,,18,4
G. Adler,,,,,,,,,18,4
D,,,,,,,,,18,4
6,0,1,2,1,3,1,28,23,18,4
Aitken profile,,,,,,,,,18,4
D. Aitken,,,,,,,,,18,4
M,,,,,,,,,18,4
0,0,1,1,0,0,0,3,3,18,4
Smith profile,,,,,,,,,18,4
K. Smith,,,,,,,,,18,4
LSM,,,,,,,,,18,4
8,0,1,0,0,3,2,20,14,18,4
Jones profile,,,,,,,,,,
M. Jones,,,,,,,,,,
M,,,,,,,,,,
,,,,,,,,,,
,CT,GB,P,PEN,SH,SOG,TCH,PAS,,
99,1,5,0,0,0,0,4,3,19,1
Sisselberger profile,,,,,,,,,19,1
M. Sisselberger,,,,,,,,,19,1
FO,,,,,,,,,19,1
81,1,3,0,0,0,0,5,5,19,1
Hossack profile,,,,,,,,,19,1
G. Hossack,,,,,,,,,19,1
D,,,,,,,,,19,1
77,1,1,0,1,0,0,11,11,19,1
Woodward profile,,,,,,,,,19,1
M. Woodward,,,,,,,,,19,1
D,,,,,,,,,19,1
89,1,1,0,0,0,0,10,10,19,1
Pederson profile,,,,,,,,,19,1
B. Pederson,,,,,,,,,19,1
SSDM,,,,,,,,,19,1
27,1,1,0,0,0,0,5,5,19,1
Jeffrey profile,,,,,,,,,19,1
W. Jeffrey,,,,,,,,,19,1
D,,,,,,,,,19,1
31,1,1,0,0,0,0,4,4,19,1
Maher profile,,,,,,,,,19,1
C. Maher,,,,,,,,,19,1
SSDM,,,,,,,,,19,1
41,0,3,0,0,0,0,6,4,19,1
Robbins profile,,,,,,,,,19,1
J. Robbins,,,,,,,,,19,1
LSM,,,,,,,,,19,1
45,0,3,0,0,1,1,14,13,19,1
Dobson profile,,,,,,,,,19,1
B. Dobson,,,,,,,,,19,1
G,,,,,,,,,19,1
20,0,3,0,0,0,0,4,4,19,1
Wyers profile,,,,,,,,,19,1
C. Wyers,,,,,,,,,19,1
D,,,,,,,,,19,1
54,0,2,1,0,1,1,14,13,19,1
Bond profile,,,,,,,,,19,1
P. Bond,,,,,,,,,19,1
SSDM,,,,,,,,,19,1
44,0,1,4,0,4,4,11,7,19,1
Leclaire profile,,,,,,,,,19,
T. Leclaire,,,,,,,,,19,
M,,,,,,,,,19,
,,,,,,,,,19,
,CT,GB,P,PEN,SH,SOG,TCH,PAS,19,
15,1,6,0,0,1,1,13,12,19,7
Koras profile,,,,,,,,,19,7
J. Koras,,,,,,,,,19,7
M,,,,,,,,,19,7
7,1,2,4,0,8,4,35,25,19,7
Malone profile,,,,,,,,,19,7
TJ Malone,,,,,,,,,19,7
A,,,,,,,,,19,7
5,1,2,0,0,0,0,10,8,19,7
Zappitello profile,,,,,,,,,19,7
A. Zappitello,,,,,,,,,19,7
D,,,,,,,,,19,7
51,1,1,2,0,4,2,18,12,19,7
Poitras profile,,,,,,,,,19,7
A. Poitras,,,,,,,,,19,7
M,,,,,,,,,19,7
33,1,0,1,0,0,0,5,5,19,7
Dunn profile,,,,,,,,,19,7
M. Dunn,,,,,,,,,19,7
D,,,,,,,,,19,7
83,1,0,1,0,1,1,5,4,19,7
Bernhardt profile,,,,,,,,,19,7
J. Bernhardt,,,,,,,,,19,7
SSDM,,,,,,,,,19,7
91,0,10,0,0,0,0,13,11,19,7
Nardella profile,,,,,,,,,19,7
J. Nardella,,,,,,,,,19,7
FO,,,,,,,,,19,7
39,0,4,0,0,0,0,2,2,19,7
Squires profile,,,,,,,,,19,7
C. Squires,,,,,,,,,19,7
LSM,,,,,,,,,19,7
8,0,3,0,0,0,0,9,8,19,7
Puglise profile,,,,,,,,,19,7
R. Puglise,,,,,,,,,19,7
SSDM,,,,,,,,,19,7
1,0,2,1,0,4,3,30,25,19,7
Chanenchuk profile,,,,,,,,,19,7
M. Chanenchuk,,,,,,,,,19,7
M,,,,,,,,,19,7
14,0,2,0,0,0,0,8,8,19,7
Muller profile,,,,,,,,,19,7
T. Muller,,,,,,,,,19,7
D,,,,,,,,,19,7
0,0,2,0,0,0,0,9,9,19,7
Krebs profile,,,,,,,,,19,7
B. Krebs,,,,,,,,,19,7
G,,,,,,,,,19,7
10,0,1,0,0,0,0,10,8,19,7
Heacock profile,,,,,,,,,19,7
C. Heacock,,,,,,,,,19,7
M,,,,,,,,,19,7
35,0,1,0,0,0,0,4,4,19,7
Bernlohr profile,,,,,,,,,,
K. Bernlohr,,,,,,,,,,
G,,,,,,,,,,
,,,,,,,,,,
,CT,GB,P,PEN,SH,SOG,TCH,PAS,,
44,2,0,0,0,0,0,4,4,20,2
Randall profile,,,,,,,,,20,2
B. Randall,,,,,,,,,20,2
D,,,,,,,,,20,2
11,2,0,0,0,0,0,6,6,20,2
Hudgins profile,,,,,,,,,20,2
M. Hudgins,,,,,,,,,20,2
D,,,,,,,,,20,2
33,1,2,0,0,0,0,7,6,20,2
Whitcher profile,,,,,,,,,20,2
M. Whitcher,,,,,,,,,20,2
SSDM,,,,,,,,,20,2
3,1,0,2,0,9,4,21,11,20,2
Hannah profile,,,,,,,,,20,2
J. Hannah,,,,,,,,,20,2
M,,,,,,,,,20,2
17,1,0,0,0,0,0,3,3,20,2
Rees profile,,,,,,,,,20,2
R. Rees,,,,,,,,,20,2
LSM,,,,,,,,,20,2
73,0,8,0,0,0,0,8,6,20,2
Stathakis profile,,,,,,,,,20,2
A. Stathakis,,,,,,,,,20,2
FO,,,,,,,,,20,2
77,0,4,0,0,3,1,27,22,20,2
Currier profile,,,,,,,,,20,2
Z. Currier,,,,,,,,,20,2
M,,,,,,,,,20,2
37,0,3,0,0,0,0,11,11,20,2
Ward profile,,,,,,,,,20,2
D. Ward,,,,,,,,,20,2
G,,,,,,,,,20,2
50,0,1,0,0,0,0,4,3,20,2
Scarpello profile,,,,,,,,,20,2
C. Scarpello,,,,,,,,,20,2
SSDM,,,,,,,,,20,2
21,0,1,0,0,0,0,6,5,20,2
Byrnes profile,,,,,,,,,20,
L. Byrnes,,,,,,,,,20,
D,,,,,,,,,20,
,,,,,,,,,20,
,CT,GB,P,PEN,SH,SOG,TCH,PAS,20,
41,2,0,0,0,0,0,7,7,20,3
Young profile,,,,,,,,,20,3
B. Young,,,,,,,,,20,3
D,,,,,,,,,20,3
52,1,2,0,2,0,0,9,8,20,3
Epple profile,,,,,,,,,20,3
G. Epple,,,,,,,,,20,3
D,,,,,,,,,20,3
3,1,0,1,0,2,1,14,12,20,3
Aslanian profile,,,,,,,,,20,3
C. Aslanian,,,,,,,,,20,3
M,,,,,,,,,20,3
4,0,8,0,0,2,0,7,4,20,3
Tucci profile,,,,,,,,,20,3
Z. Tucci,,,,,,,,,20,3
FO,,,,,,,,,20,3
35,0,4,1,0,0,0,5,5,20,3
Rall profile,,,,,,,,,20,3
E. Rall,,,,,,,,,20,3
LSM,,,,,,,,,20,3
12,0,2,0,0,0,0,4,4,20,3
Pulver profile,,,,,,,,,20,3
J. Pulver,,,,,,,,,20,3
D,,,,,,,,,20,3
20,0,1,2,0,5,4,21,16,20,3
Campbell profile,,,,,,,,,20,3
M. Campbell,,,,,,,,,20,3
M,,,,,,,,,20,3
19,0,1,2,0,4,4,15,9,20,3
Vardaro profile,,,,,,,,,20,3
A. Vardaro,,,,,,,,,20,3
M,,,,,,,,,20,3
43,0,1,1,0,0,0,7,7,20,3
Trainor profile,,,,,,,,,20,3
J. Trainor,,,,,,,,,20,3
SSDM,,,,,,,,,20,3
22,0,1,1,0,2,1,21,18,20,3
Drenner profile,,,,,,,,,20,3
R. Drenner,,,,,,,,,20,3
M,,,,,,,,,20,3
5,0,1,0,0,0,0,17,17,20,3
Kirst profile,,,,,,,,,20,3
C. Kirst,,,,,,,,,20,3
G,,,,,,,,,20,3
14,0,1,0,0,0,0,1,1,20,3
Goodrich profile,,,,,,,,,,
Z. Goodrich,,,,,,,,,,
SSDM,,,,,,,,,,