,P,1G,2G,A,SH,SH%,SOG,GB,TO,TCH,PAS,GID,TID
16,4,3,0,1,5,60%,3,0,1,22,16,1,1
sdf,,,,,,,,,,,,,1
G. Ament,,,,,,,,,,,,,1
M,,,,,,,,,,,,,1
26,4,0,1,2,2,50%,2,0,1,37,34,1,1
sdf,,,,,,,,,,,,,1
T. Schreiber,,,,,,,,,,,,,1
M,,,,,,,,,,,,,1
5,3,3,0,0,7,42.90%,3,1,3,30,20,1,1
sdf,,,,,,,,,,,,,1
C. Fields,,,,,,,,,,,,,1
A,,,,,,,,,,,,,1
7,2,2,0,0,8,25%,3,2,4,29,17,1,1
sdf,,,,,,,,,,,,,1
M. O'Keefe,,,,,,,,,,,,,1
A,,,,,,,,,,,,,1
99,1,1,0,0,1,100%,1,19,3,18,14,1,1
sdf,,,,,,,,,,,,,1
M. Sisselberger,,,,,,,,,,,,,1
FO,,,,,,,,,,,,,1
44,1,1,0,0,2,50%,2,0,1,14,11,1,1
sdf,,,,,,,,,,,,,1
T. Leclaire,,,,,,,,,,,,,1
M,,,,,,,,,,,,,1
13,1,0,0,1,2,0%,0,1,2,16,12,1,1
sdf,,,,,,,,,,,,,1
R. Ambler,,,,,,,,,,,,,1
M,,,,,,,,,,,,,1
54,0,0,0,0,2,0%,1,4,2,15,11,1,1
dsf,,,,,,,,,,,,,1
P. Bond,,,,,,,,,,,,,1
SSDM,,,,,,,,,,,,,1
42,0,0,0,0,2,0%,2,0,0,9,7,1,1
sdf,,,,,,,,,,,,,1
R. Aughavin,,,,,,,,,,,,,1
M,,,,,,,,,,,,,1
11,0,0,0,0,3,0%,2,2,2,38,33,1,1
dsf,,,,,,,,,,,,,1
M. Moore,,,,,,,,,,,,,1
A,,,,,,,,,,,,,1
31,0,0,0,0,1,0%,1,3,0,9,8,1,1
dsf,,,,,,,,,,,,,
C. Maher,,,,,,,,,,,,,
SSDM,,,,,,,,,,,,,
,,,,,,,,,,,,,
40,3,3,0,0,11,27.30%,7,0,0,28,17,1,2
dsf,,,,,,,,,,,,,2
C. Kelly,,,,,,,,,,,,,2
M,,,,,,,,,,,,,2
22,3,1,0,2,10,10%,7,1,0,49,39,1,2
dsf,,,,,,,,,,,,,2
M. Sowers,,,,,,,,,,,,,2
A,,,,,,,,,,,,,2
33,2,2,0,0,2,100%,2,1,1,10,7,1,2
Whitcher profile,,,,,,,,,,,,,2
M. Whitcher,,,,,,,,,,,,,2
SSDM,,,,,,,,,,,,,2
36,2,1,0,1,3,33.30%,2,1,1,10,6,1,2
Brandau profile,,,,,,,,,,,,,2
M. Brandau,,,,,,,,,,,,,2
A,,,,,,,,,,,,,2
57,2,1,0,1,4,25%,3,1,0,32,28,1,2
Walker profile,,,,,,,,,,,,,2
E. Walker,,,,,,,,,,,,,2
A,,,,,,,,,,,,,2
6,2,1,0,1,9,11.10%,5,2,2,43,32,1,2
McArdle profile,,,,,,,,,,,,,2
K. McArdle,,,,,,,,,,,,,2
A,,,,,,,,,,,,,2
19,1,1,0,0,3,33.30%,3,1,0,23,20,1,2
Carraway profile,,,,,,,,,,,,,2
J. Carraway,,,,,,,,,,,,,2
M,,,,,,,,,,,,,2
15,1,1,0,0,5,20%,5,1,1,17,11,1,2
Conrad profile,,,,,,,,,,,,,2
R. Conrad,,,,,,,,,,,,,2
M,,,,,,,,,,,,,2
77,1,0,0,1,1,0%,0,1,0,9,8,1,2
Currier profile,,,,,,,,,,,,,2
Z. Currier,,,,,,,,,,,,,2
M,,,,,,,,,,,,,2
27,0,0,0,0,1,0%,1,1,0,5,4,1,2
Richard profile,,,,,,,,,,,,,2
J. Richard,,,,,,,,,,,,,2
SSDM,,,,,,,,,,,,,2
12,0,0,0,0,1,0%,1,0,0,7,6,1,2
McConvey profile,,,,,,,,,,,,,2
T. McConvey,,,,,,,,,,,,,2
M,,,,,,,,,,,,,2
21,0,0,0,0,1,0%,0,2,0,8,7,1,2
Byrnes profile,,,,,,,,,,,,,
L. Byrnes,,,,,,,,,,,,,
D,,,,,,,,,,,,,
,,,,,,,,,,,,,
20,4,1,1,1,5,40%,4,0,0,19,14,2,3
Campbell profile,,,,,,,,,,,,,3
M. Campbell,,,,,,,,,,,,,3
M,,,,,,,,,,,,,3
34,3,2,0,1,3,66.70%,2,3,0,10,7,2,3
Kirst profile,,,,,,,,,,,,,3
C. Kirst,,,,,,,,,,,,,3
M,,,,,,,,,,,,,3
32,3,1,0,2,3,33.30%,1,3,1,16,12,2,3
Nolting profile,,,,,,,,,,,,,3
A. Nolting,,,,,,,,,,,,,3
A,,,,,,,,,,,,,3
22,2,2,0,0,3,66.70%,3,3,1,21,17,2,3
Drenner profile,,,,,,,,,,,,,3
R. Drenner,,,,,,,,,,,,,3
M,,,,,,,,,,,,,3
1,2,2,0,0,8,25%,7,1,0,26,18,2,3
Holman profile,,,,,,,,,,,,,3
M. Holman,,,,,,,,,,,,,3
A,,,,,,,,,,,,,3
43,1,1,0,0,2,50%,1,2,0,12,10,2,3
Trainor profile,,,,,,,,,,,,,3
J. Trainor,,,,,,,,,,,,,3
SSDM,,,,,,,,,,,,,3
50,1,1,0,0,4,25%,4,0,0,11,7,2,3
Kavanagh profile,,,,,,,,,,,,,3
M. Kavanagh,,,,,,,,,,,,,3
A,,,,,,,,,,,,,3
77,1,0,0,1,2,0%,1,5,1,9,6,2,3
van Raaphorst profile,,,,,,,,,,,,,3
C. van Raaphorst,,,,,,,,,,,,,3
D,,,,,,,,,,,,,3
51,1,0,0,1,3,0%,3,0,2,18,13,2,3
Kavanagh profile,,,,,,,,,,,,,3
P. Kavanagh,,,,,,,,,,,,,3
A,,,,,,,,,,,,,3
35,0,0,0,0,1,0%,0,1,1,5,3,2,3
Rall profile,,,,,,,,,,,,,3
E. Rall,,,,,,,,,,,,,3
LSM,,,,,,,,,,,,,3
3,0,0,0,0,4,0%,1,0,0,16,12,2,3
Aslanian profile,,,,,,,,,,,,,3
C. Aslanian,,,,,,,,,,,,,3
M,,,,,,,,,,,,,3
9,0,0,0,0,1,0%,0,0,0,4,3,2,3
Aslanian profile,,,,,,,,,,,,,
P. Aslanian,,,,,,,,,,,,,
SSDM,,,,,,,,,,,,,
,,,,,,,,,,,,,
7,11,4,0,7,12,33.30%,6,2,3,64,49,2,4
Teat profile,,,,,,,,,,,,,4
J. Teat,,,,,,,,,,,,,4
A,,,,,,,,,,,,,4
1,8,3,0,5,4,75%,4,3,0,44,40,2,4
Shellenberger profile,,,,,,,,,,,,,4
C. Shellenberger,,,,,,,,,,,,,4
A,,,,,,,,,,,,,4
10,4,3,0,1,7,42.90%,4,1,2,18,9,2,4
Dickson profile,,,,,,,,,,,,,4
X. Dickson,,,,,,,,,,,,,4
A,,,,,,,,,,,,,4
98,3,2,0,1,6,33.30%,3,5,2,15,7,2,4
Bowering profile,,,,,,,,,,,,,4
R. Bowering,,,,,,,,,,,,,4
M,,,,,,,,,,,,,4
6,2,2,0,0,4,50%,4,4,1,35,30,2,4
Aitken profile,,,,,,,,,,,,,4
D. Aitken,,,,,,,,,,,,,4
M,,,,,,,,,,,,,4
0,2,0,1,0,2,50%,2,1,0,5,3,2,4
Smith profile,,,,,,,,,,,,,4
K. Smith,,,,,,,,,,,,,4
LSM,,,,,,,,,,,,,4
57,1,1,0,0,1,100%,1,0,0,10,9,2,4
Comizio profile,,,,,,,,,,,,,4
C. Comizio,,,,,,,,,,,,,4
SSDM,,,,,,,,,,,,,4
26,1,1,0,0,6,16.70%,4,0,1,37,30,2,4
Costabile profile,,,,,,,,,,,,,4
B. Costabile,,,,,,,,,,,,,4
M,,,,,,,,,,,,,4
88,1,1,0,0,4,25%,4,2,0,24,20,2,4
Jacoby profile,,,,,,,,,,,,,4
R. Jacoby,,,,,,,,,,,,,4
M,,,,,,,,,,,,,4
91,0,0,0,0,1,0%,1,1,0,9,8,2,4
Logan profile,,,,,,,,,,,,,4
D. Logan,,,,,,,,,,,,,4
SSDM,,,,,,,,,,,,,4
8,0,0,0,0,5,0%,1,1,2,25,18,2,4
Jones profile,,,,,,,,,,,,,
M. Jones,,,,,,,,,,,,,
M,,,,,,,,,,,,,
,,,,,,,,,,,,,
55,3,3,0,0,4,75%,3,1,0,9,5,3,5
MacKay profile,,,,,,,,,,,,,5
I. MacKay,,,,,,,,,,,,,5
SSDM,,,,,,,,,,,,,5
30,3,1,1,0,2,100%,2,1,2,12,8,3,5
Perkovic profile,,,,,,,,,,,,,5
S. Perkovic,,,,,,,,,,,,,5
M,,,,,,,,,,,,,5
15,2,2,0,0,2,100%,2,0,2,17,13,3,5
Scott profile,,,,,,,,,,,,,5
R. Scott,,,,,,,,,,,,,5
A,,,,,,,,,,,,,5
7,2,1,0,1,3,33.30%,1,1,2,12,7,3,5
Minicus profile,,,,,,,,,,,,,5
B. Minicus,,,,,,,,,,,,,5
A,,,,,,,,,,,,,5
1,2,1,0,1,1,100%,1,1,2,14,11,3,5
Jackson profile,,,,,,,,,,,,,5
K. Jackson,,,,,,,,,,,,,5
M,,,,,,,,,,,,,5
22,2,1,0,1,6,16.70%,5,2,4,30,20,3,5
Byrne profile,,,,,,,,,,,,,5
J. Byrne,,,,,,,,,,,,,5
A,,,,,,,,,,,,,5
34,2,1,0,1,1,100%,1,4,0,11,10,3,5
Resch profile,,,,,,,,,,,,,5
P. Resch,,,,,,,,,,,,,5
SSDM,,,,,,,,,,,,,5
8,2,1,0,1,1,100%,1,0,2,29,26,3,5
Heningburg profile,,,,,,,,,,,,,5
J. Heningburg,,,,,,,,,,,,,5
A,,,,,,,,,,,,,5
99,2,0,1,0,1,100%,1,2,1,12,10,3,5
Rowlett profile,,,,,,,,,,,,,5
J. Rowlett,,,,,,,,,,,,,5
D,,,,,,,,,,,,,5
27,1,1,0,0,2,50%,1,1,1,22,19,3,5
Knobloch profile,,,,,,,,,,,,,5
S. Knobloch,,,,,,,,,,,,,5
M,,,,,,,,,,,,,5
82,1,0,0,1,1,0%,1,2,2,28,25,3,5
Kurtz profile,,,,,,,,,,,,,5
T. Kurtz,,,,,,,,,,,,,5
A,,,,,,,,,,,,,5
0,1,0,0,1,0,0%,0,1,0,7,7,3,5
Riorden profile,,,,,,,,,,,,,5
B. Riorden,,,,,,,,,,,,,5
G,,,,,,,,,,,,,5
73,0,0,0,0,1,0%,1,5,1,7,5,3,5
Rowlett profile,,,,,,,,,,,,,5
N. Rowlett,,,,,,,,,,,,,5
FO,,,,,,,,,,,,,5
9,0,0,0,0,1,0%,1,3,1,9,7,3,5
Costabile profile,,,,,,,,,,,,,
CJ Costabile,,,,,,,,,,,,,
LSM,,,,,,,,,,,,,
,,,,,,,,,,,,,
12,4,3,0,1,7,42.90%,6,5,2,39,30,3,6
Wisnauskas profile,,,,,,,,,,,,,6
L. Wisnauskas,,,,,,,,,,,,,6
A,,,,,,,,,,,,,6
26,4,2,1,0,8,37.50%,4,1,1,28,19,3,6
Handley profile,,,,,,,,,,,,,6
S. Handley,,,,,,,,,,,,,6
M,,,,,,,,,,,,,6
42,2,1,0,1,5,20%,3,0,0,26,21,3,6
O'Neill profile,,,,,,,,,,,,,6
B. O'Neill,,,,,,,,,,,,,6
A,,,,,,,,,,,,,6
22,2,0,0,2,5,0%,3,0,0,24,19,3,6
Ferrara profile,,,,,,,,,,,,,6
C. Ferrara,,,,,,,,,,,,,6
M,,,,,,,,,,,,,6
21,1,1,0,0,3,33.30%,2,5,1,16,12,3,6
Anderson profile,,,,,,,,,,,,,6
J. Anderson,,,,,,,,,,,,,6
SSDM,,,,,,,,,,,,,6
34,1,1,0,0,1,100%,1,1,0,9,8,3,6
Terefenko profile,,,,,,,,,,,,,6
R. Terefenko,,,,,,,,,,,,,6
SSDM,,,,,,,,,,,,,6
79,1,1,0,0,6,16.70%,4,0,1,36,29,3,6
Zawada profile,,,,,,,,,,,,,6
J. Zawada,,,,,,,,,,,,,6
A,,,,,,,,,,,,,6
0,1,0,0,1,1,0%,0,1,0,8,7,3,6
Messenger profile,,,,,,,,,,,,,6
M. Messenger,,,,,,,,,,,,,6
SSDM,,,,,,,,,,,,,6
88,1,0,0,1,1,0%,1,5,2,13,10,3,6
Piseno profile,,,,,,,,,,,,,6
J. Piseno,,,,,,,,,,,,,6
LSM,,,,,,,,,,,,,6
2,0,0,0,0,3,0%,1,1,1,34,30,3,6
Myers profile,,,,,,,,,,,,,6
J. Myers,,,,,,,,,,,,,6
A,,,,,,,,,,,,,6
7,0,0,0,0,6,0%,1,0,0,20,14,3,6
Bundy profile,,,,,,,,,,,,,6
G. Bundy,,,,,,,,,,,,,6
M,,,,,,,,,,,,,6
52,0,0,0,0,1,0%,1,10,2,8,5,3,6
Wierman profile,,,,,,,,,,,,,
L. Wierman,,,,,,,,,,,,,
FO,,,,,,,,,,,,,
,,,,,,,,,,,,,
7,6,3,0,3,6,50%,5,1,1,25,18,4,7
Malone profile,,,,,,,,,,,,,7
TJ Malone,,,,,,,,,,,,,7
A,,,,,,,,,,,,,7
1,5,1,2,0,10,30%,7,0,1,25,14,4,7
Chanenchuk profile,,,,,,,,,,,,,7
M. Chanenchuk,,,,,,,,,,,,,7
M,,,,,,,,,,,,,7
36,2,2,0,0,6,33.30%,4,1,1,19,12,4,7
Williams profile,,,,,,,,,,,,,7
Z. Williams,,,,,,,,,,,,,7
A,,,,,,,,,,,,,7
9,2,0,0,2,3,0%,2,0,2,16,11,4,7
Rambo profile,,,,,,,,,,,,,7
M. Rambo,,,,,,,,,,,,,7
A,,,,,,,,,,,,,7
3,2,0,0,2,1,0%,1,1,0,10,9,4,7
Morrill profile,,,,,,,,,,,,,7
J. Morrill,,,,,,,,,,,,,7
A,,,,,,,,,,,,,7
40,2,0,1,0,6,16.70%,3,0,1,18,11,4,7
Leadmon profile,,,,,,,,,,,,,7
G. Leadmon,,,,,,,,,,,,,7
M,,,,,,,,,,,,,7
8,1,1,0,0,1,100%,1,1,1,8,6,4,7
Puglise profile,,,,,,,,,,,,,7
R. Puglise,,,,,,,,,,,,,7
SSDM,,,,,,,,,,,,,7
76,0,0,0,0,2,0%,2,1,0,16,14,4,7
Khan profile,,,,,,,,,,,,,7
K. Khan,,,,,,,,,,,,,7
M,,,,,,,,,,,,,7
10,0,0,0,0,1,0%,1,1,1,16,14,4,7
Heacock profile,,,,,,,,,,,,,7
C. Heacock,,,,,,,,,,,,,7
M,,,,,,,,,,,,,7
39,0,0,0,0,2,0%,0,2,0,5,3,4,7
Squires profile,,,,,,,,,,,,,
C. Squires,,,,,,,,,,,,,
LSM,,,,,,,,,,,,,
,,,,,,,,,,,,,
7,7,3,0,4,4,75%,4,0,3,47,40,4,4
Teat profile,,,,,,,,,,,,,4
J. Teat,,,,,,,,,,,,,4
A,,,,,,,,,,,,,4
10,4,3,0,1,5,60%,5,3,0,30,25,4,4
Dickson profile,,,,,,,,,,,,,4
X. Dickson,,,,,,,,,,,,,4
A,,,,,,,,,,,,,4
4,4,2,0,2,5,40%,4,2,1,34,28,4,4
Molloy profile,,,,,,,,,,,,,4
D. Molloy,,,,,,,,,,,,,4
M,,,,,,,,,,,,,4
6,3,3,0,0,6,50%,5,2,3,26,17,4,4
Aitken profile,,,,,,,,,,,,,4
D. Aitken,,,,,,,,,,,,,4
M,,,,,,,,,,,,,4
8,3,1,0,2,3,33.30%,1,0,0,18,15,4,4
Jones profile,,,,,,,,,,,,,4
M. Jones,,,,,,,,,,,,,4
M,,,,,,,,,,,,,4
0,2,0,1,0,2,50%,2,0,0,5,3,4,4
Smith profile,,,,,,,,,,,,,4
K. Smith,,,,,,,,,,,,,4
LSM,,,,,,,,,,,,,4
9,1,1,0,0,1,100%,1,11,0,12,11,4,4
Baptiste profile,,,,,,,,,,,,,4
T. Baptiste,,,,,,,,,,,,,4
FO,,,,,,,,,,,,,4
88,1,1,0,0,3,33.30%,2,1,0,14,11,4,4
Jacoby profile,,,,,,,,,,,,,4
R. Jacoby,,,,,,,,,,,,,4
M,,,,,,,,,,,,,4
5,1,1,0,0,1,100%,1,6,0,9,8,4,4
Carpenter profile,,,,,,,,,,,,,4
T. Carpenter,,,,,,,,,,,,,4
LSM,,,,,,,,,,,,,4
57,0,0,0,0,1,0%,0,2,0,9,8,4,4
Comizio profile,,,,,,,,,,,,,4
C. Comizio,,,,,,,,,,,,,4
SSDM,,,,,,,,,,,,,4
26,0,0,0,0,4,0%,2,0,0,13,9,4,4
Costabile profile,,,,,,,,,,,,,
B. Costabile,,,,,,,,,,,,,
M,,,,,,,,,,,,,
,,,,,,,,,,,,,
3,4,2,0,2,4,50%,3,2,2,41,35,5,8
Pannell profile,,,,,,,,,,,,,8
R. Pannell,,,,,,,,,,,,,8
A,,,,,,,,,,,,,8
44,4,2,1,0,6,50%,5,0,0,20,14,5,8
Degnon profile,,,,,,,,,,,,,8
G. Degnon,,,,,,,,,,,,,8
M,,,,,,,,,,,,,8
14,3,3,0,0,3,100%,3,0,1,21,17,5,8
Berg profile,,,,,,,,,,,,,8
W. Berg,,,,,,,,,,,,,8
A,,,,,,,,,,,,,8
41,2,1,0,1,5,20%,5,1,0,20,15,5,8
Bertrand profile,,,,,,,,,,,,,8
C. Bertrand,,,,,,,,,,,,,8
M,,,,,,,,,,,,,8
50,2,0,0,2,4,0%,0,0,5,41,32,5,8
Garnsey profile,,,,,,,,,,,,,8
R. Garnsey,,,,,,,,,,,,,8
A,,,,,,,,,,,,,8
6,1,1,0,0,2,50%,1,10,0,8,6,5,8
Ierlan profile,,,,,,,,,,,,,8
TD Ierlan,,,,,,,,,,,,,8
FO,,,,,,,,,,,,,8
12,1,0,0,1,0,0%,0,1,0,11,11,5,8
Tevlin profile,,,,,,,,,,,,,8
B. Tevlin,,,,,,,,,,,,,8
SSDM,,,,,,,,,,,,,8
35,0,0,0,0,1,0%,1,0,0,5,4,5,8
Kennedy profile,,,,,,,,,,,,,8
R. Kennedy,,,,,,,,,,,,,8
LSM,,,,,,,,,,,,,8
94,0,0,0,0,1,0%,0,1,0,26,25,5,8
Kelly profile,,,,,,,,,,,,,8
J. Kelly,,,,,,,,,,,,,8
G,,,,,,,,,,,,,8
1,0,0,0,0,5,0%,3,1,2,24,17,5,8
Montgomery profile,,,,,,,,,,,,,8
N. Montgomery,,,,,,,,,,,,,8
M,,,,,,,,,,,,,8
47,0,0,0,0,6,0%,4,0,2,14,6,5,8
Kirst profile,,,,,,,,,,,,,8
C. Kirst,,,,,,,,,,,,,8
M,,,,,,,,,,,,,8
31,0,0,0,0,1,0%,0,2,0,12,11,5,8
Fake profile,,,,,,,,,,,,,8
C. Fake,,,,,,,,,,,,,8
D,,,,,,,,,,,,,8
26,0,0,0,0,1,0%,1,2,0,5,4,5,8
Davis-Allen profile,,,,,,,,,,,,,8
I. Davis-Allen,,,,,,,,,,,,,8
SSDM,,,,,,,,,,,,,8
5,0,0,0,0,6,0%,1,1,0,16,10,5,8
Dennis profile,,,,,,,,,,,,,
R. Dennis,,,,,,,,,,,,,
M,,,,,,,,,,,,,
,,,,,,,,,,,,,
8,4,4,0,0,6,66.70%,6,0,1,25,18,5,5
Heningburg profile,,,,,,,,,,,,,5
J. Heningburg,,,,,,,,,,,,,5
A,,,,,,,,,,,,,5
22,4,2,0,2,3,66.70%,3,0,1,25,21,5,5
Byrne profile,,,,,,,,,,,,,5
J. Byrne,,,,,,,,,,,,,5
A,,,,,,,,,,,,,5
82,3,2,0,1,4,50%,3,0,2,22,16,5,5
Kurtz profile,,,,,,,,,,,,,5
T. Kurtz,,,,,,,,,,,,,5
A,,,,,,,,,,,,,5
1,2,2,0,0,3,66.70%,3,0,0,10,7,5,5
Jackson profile,,,,,,,,,,,,,5
K. Jackson,,,,,,,,,,,,,5
M,,,,,,,,,,,,,5
15,2,1,0,1,4,25%,3,0,0,14,10,5,5
Scott profile,,,,,,,,,,,,,5
R. Scott,,,,,,,,,,,,,5
A,,,,,,,,,,,,,5
27,1,1,0,0,4,25%,1,0,0,22,18,5,5
Knobloch profile,,,,,,,,,,,,,5
S. Knobloch,,,,,,,,,,,,,5
M,,,,,,,,,,,,,5
73,1,0,0,1,3,0%,2,6,2,7,2,5,5
Rowlett profile,,,,,,,,,,,,,5
N. Rowlett,,,,,,,,,,,,,5
FO,,,,,,,,,,,,,5
30,0,0,0,0,3,0%,2,1,1,13,9,5,5
Perkovic profile,,,,,,,,,,,,,5
S. Perkovic,,,,,,,,,,,,,5
M,,,,,,,,,,,,,5
13,0,0,0,0,1,0%,1,3,0,11,10,5,5
Geddes profile,,,,,,,,,,,,,5
Z. Geddes,,,,,,,,,,,,,5
SSDM,,,,,,,,,,,,,5
7,0,0,0,0,1,0%,1,1,1,9,7,5,5
Minicus profile,,,,,,,,,,,,,5
B. Minicus,,,,,,,,,,,,,5
A,,,,,,,,,,,,,5
55,0,0,0,0,1,0%,1,1,0,4,3,5,5
MacKay profile,,,,,,,,,,,,,
I. MacKay,,,,,,,,,,,,,
SSDM,,,,,,,,,,,,,
,,,,,,,,,,,,,
44,5,5,0,0,5,100%,5,1,1,13,7,6,1
Leclaire profile,,,,,,,,,,,,,1
T. Leclaire,,,,,,,,,,,,,1
M,,,,,,,,,,,,,1
5,5,4,0,1,9,44.40%,7,3,4,31,18,6,1
Fields profile,,,,,,,,,,,,,1
C. Fields,,,,,,,,,,,,,1
A,,,,,,,,,,,,,1
7,5,3,1,0,8,50%,7,1,1,25,16,6,1
O'Keefe profile,,,,,,,,,,,,,1
M. O'Keefe,,,,,,,,,,,,,1
A,,,,,,,,,,,,,1
16,3,2,0,1,5,40%,2,0,2,22,15,6,1
Ament profile,,,,,,,,,,,,,1
G. Ament,,,,,,,,,,,,,1
M,,,,,,,,,,,,,1
26,2,0,0,2,4,0%,2,1,0,25,21,6,1
Schreiber profile,,,,,,,,,,,,,1
T. Schreiber,,,,,,,,,,,,,1
M,,,,,,,,,,,,,1
42,2,0,0,2,2,0%,1,1,0,10,8,6,1
Aughavin profile,,,,,,,,,,,,,1
R. Aughavin,,,,,,,,,,,,,1
M,,,,,,,,,,,,,1
54,1,1,0,0,3,33.30%,2,4,1,17,13,6,1
Bond profile,,,,,,,,,,,,,1
P. Bond,,,,,,,,,,,,,1
SSDM,,,,,,,,,,,,,1
13,1,0,0,1,2,0%,2,1,0,14,12,6,1
Ambler profile,,,,,,,,,,,,,1
R. Ambler,,,,,,,,,,,,,1
M,,,,,,,,,,,,,1
11,1,0,0,1,5,0%,2,0,0,21,16,6,1
Moore profile,,,,,,,,,,,,,1
M. Moore,,,,,,,,,,,,,1
A,,,,,,,,,,,,,1
45,1,0,0,1,0,0%,0,0,0,15,15,6,1
Dobson profile,,,,,,,,,,,,,1
B. Dobson,,,,,,,,,,,,,1
G,,,,,,,,,,,,,1
77,0,0,0,0,1,0%,0,4,0,9,8,6,1
Woodward profile,,,,,,,,,,,,,1
M. Woodward,,,,,,,,,,,,,1
D,,,,,,,,,,,,,1
31,0,0,0,0,1,0%,1,1,0,4,3,6,1
Maher profile,,,,,,,,,,,,,
C. Maher,,,,,,,,,,,,,
SSDM,,,,,,,,,,,,,
,,,,,,,,,,,,,
42,9,6,1,1,15,46.70%,10,3,0,44,29,6,6
O'Neill profile,,,,,,,,,,,,,6
B. O'Neill,,,,,,,,,,,,,6
A,,,,,,,,,,,,,6
79,5,2,0,3,5,40%,4,0,3,44,36,6,6
Zawada profile,,,,,,,,,,,,,6
J. Zawada,,,,,,,,,,,,,6
A,,,,,,,,,,,,,6
2,4,3,0,1,8,37.50%,6,1,1,37,28,6,6
Myers profile,,,,,,,,,,,,,6
J. Myers,,,,,,,,,,,,,6
A,,,,,,,,,,,,,6
21,2,1,0,1,3,33.30%,1,2,0,16,13,6,6
Anderson profile,,,,,,,,,,,,,6
J. Anderson,,,,,,,,,,,,,6
SSDM,,,,,,,,,,,,,6
7,2,1,0,1,8,12.50%,3,1,0,20,12,6,6
Bundy profile,,,,,,,,,,,,,6
G. Bundy,,,,,,,,,,,,,6
M,,,,,,,,,,,,,6
26,1,1,0,0,8,12.50%,5,0,1,19,10,6,6
Handley profile,,,,,,,,,,,,,6
S. Handley,,,,,,,,,,,,,6
M,,,,,,,,,,,,,6
11,1,1,0,0,3,33.30%,1,0,0,8,5,6,6
Young profile,,,,,,,,,,,,,6
D. Young,,,,,,,,,,,,,6
M,,,,,,,,,,,,,6
52,1,1,0,0,2,50%,1,11,1,14,11,6,6
Wierman profile,,,,,,,,,,,,,6
L. Wierman,,,,,,,,,,,,,6
FO,,,,,,,,,,,,,6
22,1,0,0,1,1,0%,1,0,1,12,10,6,6
Ferrara profile,,,,,,,,,,,,,6
C. Ferrara,,,,,,,,,,,,,6
M,,,,,,,,,,,,,6
0,0,0,0,0,1,0%,0,5,1,9,7,6,6
Messenger profile,,,,,,,,,,,,,6
M. Messenger,,,,,,,,,,,,,6
SSDM,,,,,,,,,,,,,6
88,0,0,0,0,2,0%,2,2,1,11,8,6,6
Piseno profile,,,,,,,,,,,,,
J. Piseno,,,,,,,,,,,,,
LSM,,,,,,,,,,,,,
,,,,,,,,,,,,,
10,4,4,0,0,6,66.70%,5,2,0,29,23,7,4
Dickson profile,,,,,,,,,,,,,4
X. Dickson,,,,,,,,,,,,,4
A,,,,,,,,,,,,,4
7,4,1,0,3,9,11.10%,6,3,4,48,35,7,4
Teat profile,,,,,,,,,,,,,4
J. Teat,,,,,,,,,,,,,4
A,,,,,,,,,,,,,4
1,3,2,0,1,5,40%,2,4,0,37,32,7,4
Shellenberger profile,,,,,,,,,,,,,4
C. Shellenberger,,,,,,,,,,,,,4
A,,,,,,,,,,,,,4
8,3,1,1,0,6,33.30%,4,4,2,31,23,7,4
Jones profile,,,,,,,,,,,,,4
M. Jones,,,,,,,,,,,,,4
M,,,,,,,,,,,,,4
6,2,2,0,0,8,25%,3,1,1,32,23,7,4
Aitken profile,,,,,,,,,,,,,4
D. Aitken,,,,,,,,,,,,,4
M,,,,,,,,,,,,,4
5,2,0,1,0,2,50%,2,9,0,12,10,7,4
Carpenter profile,,,,,,,,,,,,,4
T. Carpenter,,,,,,,,,,,,,4
LSM,,,,,,,,,,,,,4
4,1,1,0,0,3,33.30%,2,0,0,3,0,7,4
Molloy profile,,,,,,,,,,,,,4
D. Molloy,,,,,,,,,,,,,4
M,,,,,,,,,,,,,4
9,1,0,0,1,2,0%,1,12,1,15,12,7,4
Baptiste profile,,,,,,,,,,,,,4
T. Baptiste,,,,,,,,,,,,,4
FO,,,,,,,,,,,,,4
88,1,0,0,1,3,0%,1,0,0,15,12,7,4
Jacoby profile,,,,,,,,,,,,,4
R. Jacoby,,,,,,,,,,,,,4
M,,,,,,,,,,,,,4
57,0,0,0,0,1,0%,1,3,1,12,10,7,4
Comizio profile,,,,,,,,,,,,,4
C. Comizio,,,,,,,,,,,,,4
SSDM,,,,,,,,,,,,,4
42,0,0,0,0,1,0%,1,3,0,16,15,7,4
Troutner profile,,,,,,,,,,,,,4
T. Troutner,,,,,,,,,,,,,4
G,,,,,,,,,,,,,4
43,0,0,0,0,1,0%,0,1,0,8,7,7,4
Makar profile,,,,,,,,,,,,,4
B. Makar,,,,,,,,,,,,,4
D,,,,,,,,,,,,,4
98,0,0,0,0,2,0%,1,1,1,6,3,7,4
Bowering profile,,,,,,,,,,,,,
R. Bowering,,,,,,,,,,,,,
M,,,,,,,,,,,,,
,,,,,,,,,,,,,
22,4,0,0,4,1,0%,0,0,0,24,23,7,5
Byrne profile,,,,,,,,,,,,,5
J. Byrne,,,,,,,,,,,,,5
A,,,,,,,,,,,,,5
13,3,2,0,1,3,66.70%,3,2,0,6,3,7,5
Geddes profile,,,,,,,,,,,,,5
Z. Geddes,,,,,,,,,,,,,5
SSDM,,,,,,,,,,,,,5
30,3,1,1,0,3,66.70%,3,0,1,25,21,7,5
Perkovic profile,,,,,,,,,,,,,5
S. Perkovic,,,,,,,,,,,,,5
M,,,,,,,,,,,,,5
82,3,1,1,0,6,33.30%,3,0,0,16,10,7,5
Kurtz profile,,,,,,,,,,,,,5
T. Kurtz,,,,,,,,,,,,,5
A,,,,,,,,,,,,,5
15,2,2,0,0,3,66.70%,3,0,2,11,6,7,5
Scott profile,,,,,,,,,,,,,5
R. Scott,,,,,,,,,,,,,5
A,,,,,,,,,,,,,5
1,1,1,0,0,4,25%,2,1,1,17,12,7,5
Jackson profile,,,,,,,,,,,,,5
K. Jackson,,,,,,,,,,,,,5
M,,,,,,,,,,,,,5
8,1,1,0,0,1,100%,1,1,0,24,23,7,5
Heningburg profile,,,,,,,,,,,,,5
J. Heningburg,,,,,,,,,,,,,5
A,,,,,,,,,,,,,5
73,0,0,0,0,1,0%,1,4,1,3,1,7,5
Rowlett profile,,,,,,,,,,,,,5
N. Rowlett,,,,,,,,,,,,,5
FO,,,,,,,,,,,,,5
24,0,0,0,0,1,0%,0,0,0,4,3,7,5
Bowen profile,,,,,,,,,,,,,5
W. Bowen,,,,,,,,,,,,,5
D,,,,,,,,,,,,,5
10,0,0,0,0,1,0%,1,0,2,5,2,7,5
Reh profile,,,,,,,,,,,,,5
T. Reh,,,,,,,,,,,,,5
LSM,,,,,,,,,,,,,5
27,0,0,0,0,5,0%,2,0,3,35,27,7,5
Knobloch profile,,,,,,,,,,,,,5
S. Knobloch,,,,,,,,,,,,,5
M,,,,,,,,,,,,,5
34,0,0,0,0,1,0%,1,1,0,6,5,7,5
Resch profile,,,,,,,,,,,,,
P. Resch,,,,,,,,,,,,,
SSDM,,,,,,,,,,,,,
,,,,,,,,,,,,,
9,3,2,0,1,4,50%,3,0,6,31,21,8,7
Rambo profile,,,,,,,,,,,,,7
M. Rambo,,,,,,,,,,,,,7
A,,,,,,,,,,,,,7
36,2,2,0,0,6,33.30%,3,1,1,14,7,8,7
Williams profile,,,,,,,,,,,,,7
Z. Williams,,,,,,,,,,,,,7
A,,,,,,,,,,,,,7
7,2,2,0,0,8,25%,5,0,1,31,22,8,7
Malone profile,,,,,,,,,,,,,7
TJ Malone,,,,,,,,,,,,,7
A,,,,,,,,,,,,,7
3,2,1,0,1,1,100%,1,2,1,7,5,8,7
Morrill profile,,,,,,,,,,,,,7
J. Morrill,,,,,,,,,,,,,7
A,,,,,,,,,,,,,7
76,1,1,0,0,3,33.30%,3,1,0,16,13,8,7
Khan profile,,,,,,,,,,,,,7
K. Khan,,,,,,,,,,,,,7
M,,,,,,,,,,,,,7
10,1,1,0,0,3,33.30%,2,0,0,13,10,8,7
Heacock profile,,,,,,,,,,,,,7
C. Heacock,,,,,,,,,,,,,7
M,,,,,,,,,,,,,7
77,1,0,0,1,0,0%,0,0,0,2,2,8,7
Zupicich profile,,,,,,,,,,,,,7
S. Zupicich,,,,,,,,,,,,,7
LSM,,,,,,,,,,,,,7
40,0,0,0,0,4,0%,3,0,3,24,17,8,7
Leadmon profile,,,,,,,,,,,,,7
G. Leadmon,,,,,,,,,,,,,7
M,,,,,,,,,,,,,7
55,0,0,0,0,2,0%,0,0,0,7,5,8,7
Jackoboice profile,,,,,,,,,,,,,7
W. Jackoboice,,,,,,,,,,,,,7
SSDM,,,,,,,,,,,,,7
91,0,0,0,0,2,0%,1,13,2,15,11,8,7
Nardella profile,,,,,,,,,,,,,7
J. Nardella,,,,,,,,,,,,,7
FO,,,,,,,,,,,,,7
1,0,0,0,0,3,0%,2,1,0,24,21,8,7
Chanenchuk profile,,,,,,,,,,,,,
M. Chanenchuk,,,,,,,,,,,,,
M,,,,,,,,,,,,,
,,,,,,,,,,,,,
32,7,1,0,6,5,20%,4,3,3,45,37,8,3
Nolting profile,,,,,,,,,,,,,3
A. Nolting,,,,,,,,,,,,,3
A,,,,,,,,,,,,,3
1,5,3,1,0,8,50%,7,3,4,47,35,8,3
Holman profile,,,,,,,,,,,,,3
M. Holman,,,,,,,,,,,,,3
A,,,,,,,,,,,,,3
22,3,2,0,1,8,25%,4,0,0,23,15,8,3
Drenner profile,,,,,,,,,,,,,3
R. Drenner,,,,,,,,,,,,,3
M,,,,,,,,,,,,,3
51,3,2,0,1,6,33.30%,3,1,0,26,20,8,3
Kavanagh profile,,,,,,,,,,,,,3
P. Kavanagh,,,,,,,,,,,,,3
A,,,,,,,,,,,,,3
20,2,2,0,0,5,40%,4,2,1,22,16,8,3
Campbell profile,,,,,,,,,,,,,3
M. Campbell,,,,,,,,,,,,,3
M,,,,,,,,,,,,,3
19,1,1,0,0,4,25%,2,0,0,14,10,8,3
Vardaro profile,,,,,,,,,,,,,3
A. Vardaro,,,,,,,,,,,,,3
M,,,,,,,,,,,,,3
34,0,0,0,0,4,0%,0,0,0,15,11,8,3
Kirst profile,,,,,,,,,,,,,3
C. Kirst,,,,,,,,,,,,,3
M,,,,,,,,,,,,,3
35,0,0,0,0,1,0%,1,2,0,3,2,8,3
Rall profile,,,,,,,,,,,,,3
E. Rall,,,,,,,,,,,,,3
LSM,,,,,,,,,,,,,3
4,0,0,0,0,2,0%,1,5,1,6,3,8,3
Tucci profile,,,,,,,,,,,,,3
Z. Tucci,,,,,,,,,,,,,3
FO,,,,,,,,,,,,,3
77,0,0,0,0,3,0%,0,0,1,8,4,8,3
van Raaphorst profile,,,,,,,,,,,,,3
C. van Raaphorst,,,,,,,,,,,,,3
D,,,,,,,,,,,,,3
50,0,0,0,0,5,0%,2,4,0,40,35,8,3
Kavanagh profile,,,,,,,,,,,,,3
M. Kavanagh,,,,,,,,,,,,,
A,,,,,,,,,,,,,
,,,,,,,,,,,,,
4,4,2,1,0,4,75%,4,13,0,11,7,9,3
Tucci profile,,,,,,,,,,,,,3
Z. Tucci,,,,,,,,,,,,,3
FO,,,,,,,,,,,,,3
32,3,1,0,2,6,16.70%,5,1,4,19,9,9,3
Nolting profile,,,,,,,,,,,,,3
A. Nolting,,,,,,,,,,,,,3
A,,,,,,,,,,,,,3
20,3,1,1,0,4,50%,2,2,1,28,23,9,3
Campbell profile,,,,,,,,,,,,,3
M. Campbell,,,,,,,,,,,,,3
M,,,,,,,,,,,,,3
34,1,1,0,0,2,50%,2,3,0,12,10,9,3
Kirst profile,,,,,,,,,,,,,3
C. Kirst,,,,,,,,,,,,,3
M,,,,,,,,,,,,,3
50,1,1,0,0,5,20%,2,0,3,26,18,9,3
Kavanagh profile,,,,,,,,,,,,,3
M. Kavanagh,,,,,,,,,,,,,3
A,,,,,,,,,,,,,3
51,1,1,0,0,3,33.30%,1,1,1,22,18,9,3
Kavanagh profile,,,,,,,,,,,,,3
P. Kavanagh,,,,,,,,,,,,,3
A,,,,,,,,,,,,,3
1,1,1,0,0,9,11.10%,7,3,3,39,27,9,3
Holman profile,,,,,,,,,,,,,3
M. Holman,,,,,,,,,,,,,3
A,,,,,,,,,,,,,3
2,0,0,0,0,1,0%,1,3,2,10,7,9,3
Fairman profile,,,,,,,,,,,,,3
B. Fairman,,,,,,,,,,,,,3
SSDM,,,,,,,,,,,,,3
77,0,0,0,0,1,0%,0,5,0,7,6,9,3
van Raaphorst profile,,,,,,,,,,,,,3
C. van Raaphorst,,,,,,,,,,,,,3
D,,,,,,,,,,,,,3
22,0,0,0,0,2,0%,1,1,0,22,20,9,3
Drenner profile,,,,,,,,,,,,,3
R. Drenner,,,,,,,,,,,,,3
M,,,,,,,,,,,,,3
19,0,0,0,0,2,0%,2,0,1,6,3,9,3
Vardaro profile,,,,,,,,,,,,,3
A. Vardaro,,,,,,,,,,,,,3
M,,,,,,,,,,,,,3
14,0,0,0,0,1,0%,1,0,2,5,2,9,3
Goodrich profile,,,,,,,,,,,,,
Z. Goodrich,,,,,,,,,,,,,
SSDM,,,,,,,,,,,,,
,,,,,,,,,,,,,
22,8,3,0,5,4,75%,3,0,2,52,46,9,2
Sowers profile,,,,,,,,,,,,,2
M. Sowers,,,,,,,,,,,,,2
A,,,,,,,,,,,,,2
6,6,4,0,2,9,44.40%,5,0,1,41,31,9,2
McArdle profile,,,,,,,,,,,,,2
K. McArdle,,,,,,,,,,,,,2
A,,,,,,,,,,,,,2
15,2,2,0,0,8,25%,6,1,1,18,9,9,2
Conrad profile,,,,,,,,,,,,,2
R. Conrad,,,,,,,,,,,,,2
M,,,,,,,,,,,,,2
77,1,1,0,0,2,50%,2,4,2,18,14,9,2
Currier profile,,,,,,,,,,,,,2
Z. Currier,,,,,,,,,,,,,2
M,,,,,,,,,,,,,2
40,1,1,0,0,8,12.50%,5,0,3,36,25,9,2
Kelly profile,,,,,,,,,,,,,2
C. Kelly,,,,,,,,,,,,,2
M,,,,,,,,,,,,,2
19,0,0,0,0,1,0%,1,1,1,12,10,9,2
Carraway profile,,,,,,,,,,,,,2
J. Carraway,,,,,,,,,,,,,2
M,,,,,,,,,,,,,2
36,0,0,0,0,2,0%,2,0,0,9,7,9,2
Brandau profile,,,,,,,,,,,,,2
M. Brandau,,,,,,,,,,,,,2
A,,,,,,,,,,,,,2
57,0,0,0,0,4,0%,3,1,1,36,31,9,2
Walker profile,,,,,,,,,,,,,2
E. Walker,,,,,,,,,,,,,2
A,,,,,,,,,,,,,2
12,0,0,0,0,2,0%,0,0,0,9,7,9,2
McConvey profile,,,,,,,,,,,,,
T. McConvey,,,,,,,,,,,,,
M,,,,,,,,,,,,,
,,,,,,,,,,,,,
,,,,,,,,,,,,,
26,4,2,0,2,6,33.30%,3,0,1,32,25,10,1
Schreiber profile,,,,,,,,,,,,10,1
T. Schreiber,,,,,,,,,,,,10,1
M,,,,,,,,,,,,10,1
7,3,2,0,1,9,22.20%,6,0,2,25,14,10,1
O'Keefe profile,,,,,,,,,,,,10,1
M. O'Keefe,,,,,,,,,,,,10,1
A,,,,,,,,,,,,10,1
13,3,2,0,1,5,40%,3,0,2,14,7,10,1
Ambler profile,,,,,,,,,,,,10,1
R. Ambler,,,,,,,,,,,,10,1
M,,,,,,,,,,,,10,1
16,2,2,0,0,6,33.30%,4,1,1,30,23,10,1
Ament profile,,,,,,,,,,,,10,1
G. Ament,,,,,,,,,,,,10,1
M,,,,,,,,,,,,10,1
5,2,1,0,1,6,16.70%,3,0,1,26,19,10,1
Fields profile,,,,,,,,,,,,10,1
C. Fields,,,,,,,,,,,,10,1
A,,,,,,,,,,,,10,1
77,0,0,0,0,1,0%,0,2,0,10,9,10,1
Woodward profile,,,,,,,,,,,,10,1
M. Woodward,,,,,,,,,,,,10,1
D,,,,,,,,,,,,10,1
44,0,0,0,0,3,0%,1,0,0,15,12,10,1
Leclaire profile,,,,,,,,,,,,10,1
T. Leclaire,,,,,,,,,,,,10,1
M,,,,,,,,,,,,10,1
11,0,0,0,0,3,0%,0,0,1,27,23,10,1
Moore profile,,,,,,,,,,,,10,1
M. Moore,,,,,,,,,,,,10,1
A,,,,,,,,,,,,10,1
20,0,0,0,0,1,0%,0,2,0,5,4,10,1
Wyers profile,,,,,,,,,,,,10,
C. Wyers,,,,,,,,,,,,,
D,,,,,,,,,,,,,
,,,,,,,,,,,,,
22,3,2,0,1,10,20%,5,2,2,39,27,10,5
Byrne profile,,,,,,,,,,,,10,5
J. Byrne,,,,,,,,,,,,10,5
A,,,,,,,,,,,,10,5
66,2,2,0,0,5,40%,4,0,1,19,13,10,5
Dobson profile,,,,,,,,,,,,10,5
E. Dobson,,,,,,,,,,,,10,5
M,,,,,,,,,,,,10,5
7,1,1,0,0,4,25%,3,1,0,15,11,10,5
Minicus profile,,,,,,,,,,,,10,5
B. Minicus,,,,,,,,,,,,10,5
A,,,,,,,,,,,,10,5
55,1,1,0,0,2,50%,2,0,0,9,7,10,5
MacKay profile,,,,,,,,,,,,10,5
I. MacKay,,,,,,,,,,,,10,5
SSDM,,,,,,,,,,,,10,5
27,1,1,0,0,6,16.70%,4,1,1,25,18,10,5
Knobloch profile,,,,,,,,,,,,10,5
S. Knobloch,,,,,,,,,,,,10,5
M,,,,,,,,,,,,10,5
0,1,0,0,1,0,0%,0,2,0,14,14,10,5
Riorden profile,,,,,,,,,,,,10,5
B. Riorden,,,,,,,,,,,,10,5
G,,,,,,,,,,,,10,5
8,1,0,0,1,5,0%,5,3,2,31,24,10,5
Heningburg profile,,,,,,,,,,,,10,5
J. Heningburg,,,,,,,,,,,,10,5
A,,,,,,,,,,,,10,5
73,0,0,0,0,1,0%,0,10,2,9,6,10,5
Rowlett profile,,,,,,,,,,,,10,5
N. Rowlett,,,,,,,,,,,,10,5
FO,,,,,,,,,,,,10,5
82,0,0,0,0,1,0%,1,2,1,19,17,10,5
Kurtz profile,,,,,,,,,,,,10,5
T. Kurtz,,,,,,,,,,,,10,5
A,,,,,,,,,,,,10,5
1,0,0,0,0,1,0%,1,2,2,17,14,10,5
Jackson profile,,,,,,,,,,,,10,5
K. Jackson,,,,,,,,,,,,10,5
M,,,,,,,,,,,,10,5
9,0,0,0,0,1,0%,1,2,0,2,1,10,5
Costabile profile,,,,,,,,,,,,10,5
CJ Costabile,,,,,,,,,,,,10,5
LSM,,,,,,,,,,,,10,5
99,0,0,0,0,1,0%,1,2,1,6,4,10,5
Rowlett profile,,,,,,,,,,,,10,5
J. Rowlett,,,,,,,,,,,,10,5
D,,,,,,,,,,,,10,5
15,0,0,0,0,1,0%,0,0,0,8,7,10,5
Scott profile,,,,,,,,,,,,10,5
R. Scott,,,,,,,,,,,,10,5
A,,,,,,,,,,,,10,5
34,0,0,0,0,1,0%,0,1,1,11,9,10,5
Resch profile,,,,,,,,,,,,,
P. Resch,,,,,,,,,,,,,
SSDM,,,,,,,,,,,,,
,,,,,,,,,,,,,
50,7,2,1,3,12,25%,9,1,1,28,15,11,8
Garnsey profile,,,,,,,,,,,,11,8
R. Garnsey,,,,,,,,,,,,11,8
A,,,,,,,,,,,,11,8
3,3,2,0,1,8,25%,4,1,1,35,26,11,8
Pannell profile,,,,,,,,,,,,11,8
R. Pannell,,,,,,,,,,,,11,8
A,,,,,,,,,,,,11,8
4,2,2,0,0,4,50%,3,1,3,22,15,11,8
Gray profile,,,,,,,,,,,,11,8
C. Gray,,,,,,,,,,,,11,8
A,,,,,,,,,,,,11,8
41,2,2,0,0,6,33.30%,3,1,3,24,15,11,8
Bertrand profile,,,,,,,,,,,,11,8
C. Bertrand,,,,,,,,,,,,11,8
M,,,,,,,,,,,,11,8
44,2,1,0,1,5,20%,4,1,1,19,13,11,8
Degnon profile,,,,,,,,,,,,11,8
G. Degnon,,,,,,,,,,,,11,8
M,,,,,,,,,,,,11,8
14,2,1,0,1,1,100%,1,0,0,14,13,11,8
Berg profile,,,,,,,,,,,,11,8
W. Berg,,,,,,,,,,,,11,8
A,,,,,,,,,,,,11,8
47,2,1,0,1,2,50%,2,0,0,14,12,11,8
Kirst profile,,,,,,,,,,,,11,8
C. Kirst,,,,,,,,,,,,11,8
M,,,,,,,,,,,,11,8
12,1,1,0,0,2,50%,2,2,2,10,6,11,8
Tevlin profile,,,,,,,,,,,,11,8
B. Tevlin,,,,,,,,,,,,11,8
SSDM,,,,,,,,,,,,11,8
6,1,1,0,0,2,50%,1,14,1,14,11,11,8
Ierlan profile,,,,,,,,,,,,11,8
TD Ierlan,,,,,,,,,,,,11,8
FO,,,,,,,,,,,,11,8
40,1,0,0,1,0,0%,0,1,0,2,2,11,8
Cohen profile,,,,,,,,,,,,11,8
A. Cohen,,,,,,,,,,,,11,8
D,,,,,,,,,,,,11,8
26,1,0,0,1,0,0%,0,1,0,4,4,11,8
Davis-Allen profile,,,,,,,,,,,,11,8
I. Davis-Allen,,,,,,,,,,,,11,8
SSDM,,,,,,,,,,,,11,8
1,0,0,0,0,1,0%,1,1,2,10,7,11,8
Montgomery profile,,,,,,,,,,,,11,8
N. Montgomery,,,,,,,,,,,,11,8
M,,,,,,,,,,,,11,8
28,0,0,0,0,1,0%,1,2,1,6,4,11,8
Conners profile,,,,,,,,,,,,,
J. Conners,,,,,,,,,,,,,
LSM,,,,,,,,,,,,,
,,,,,,,,,,,,,
7,8,4,0,4,7,57.10%,5,2,3,32,22,11,4
Teat profile,,,,,,,,,,,,11,4
J. Teat,,,,,,,,,,,,11,4
A,,,,,,,,,,,,11,4
1,7,4,0,3,6,66.70%,5,2,2,35,27,11,4
Shellenberger profile,,,,,,,,,,,,11,4
C. Shellenberger,,,,,,,,,,,,11,4
A,,,,,,,,,,,,11,4
8,5,1,1,2,3,66.70%,3,1,2,11,6,11,4
Jones profile,,,,,,,,,,,,11,4
M. Jones,,,,,,,,,,,,11,4
M,,,,,,,,,,,,11,4
10,3,3,0,0,6,50%,4,1,0,13,7,11,4
Dickson profile,,,,,,,,,,,,11,4
X. Dickson,,,,,,,,,,,,11,4
A,,,,,,,,,,,,11,4
6,2,2,0,0,7,28.60%,5,0,0,19,12,11,4
Aitken profile,,,,,,,,,,,,11,4
D. Aitken,,,,,,,,,,,,11,4
M,,,,,,,,,,,,11,4
26,2,0,0,2,5,0%,2,1,0,18,13,11,4
Costabile profile,,,,,,,,,,,,11,4
B. Costabile,,,,,,,,,,,,11,4
M,,,,,,,,,,,,11,4
57,1,1,0,0,1,100%,1,1,1,11,9,11,4
Comizio profile,,,,,,,,,,,,11,4
C. Comizio,,,,,,,,,,,,11,4
SSDM,,,,,,,,,,,,11,4
91,1,1,0,0,2,50%,2,1,0,10,8,11,4
Logan profile,,,,,,,,,,,,11,4
D. Logan,,,,,,,,,,,,11,4
SSDM,,,,,,,,,,,,11,4
34,1,1,0,0,2,50%,2,2,0,5,3,11,4
Rezanka profile,,,,,,,,,,,,11,4
P. Rezanka,,,,,,,,,,,,11,4
SSDM,,,,,,,,,,,,11,4
4,1,1,0,0,2,50%,1,0,1,5,2,11,4
Molloy profile,,,,,,,,,,,,11,4
D. Molloy,,,,,,,,,,,,11,4
M,,,,,,,,,,,,11,4
88,1,0,0,1,2,0%,2,1,0,9,7,11,4
Jacoby profile,,,,,,,,,,,,11,4
R. Jacoby,,,,,,,,,,,,11,4
M,,,,,,,,,,,,11,4
43,1,0,0,1,0,0%,0,1,1,12,11,11,4
Makar profile,,,,,,,,,,,,11,4
B. Makar,,,,,,,,,,,,11,4
D,,,,,,,,,,,,11,4
9,0,0,0,0,1,0%,1,6,0,10,9,11,4
Baptiste profile,,,,,,,,,,,,11,4
T. Baptiste,,,,,,,,,,,,11,4
FO,,,,,,,,,,,,11,4
0,0,0,0,0,1,0%,1,2,0,7,6,11,4
Smith profile,,,,,,,,,,,,,
K. Smith,,,,,,,,,,,,,
LSM,,,,,,,,,,,,,
,,,,,,,,,,,,,
3,3,1,0,2,4,25%,4,0,3,22,15,12,7
Morrill profile,,,,,,,,,,,,12,7
J. Morrill,,,,,,,,,,,,12,7
A,,,,,,,,,,,,12,7
36,3,0,1,1,9,11.10%,5,1,1,19,9,12,7
Williams profile,,,,,,,,,,,,12,7
Z. Williams,,,,,,,,,,,,12,7
A,,,,,,,,,,,,12,7
1,3,0,1,1,2,50%,2,0,2,19,15,12,7
Chanenchuk profile,,,,,,,,,,,,12,7
M. Chanenchuk,,,,,,,,,,,,12,7
M,,,,,,,,,,,,12,7
10,2,2,0,0,6,33.30%,5,0,2,15,7,12,7
Heacock profile,,,,,,,,,,,,12,7
C. Heacock,,,,,,,,,,,,12,7
M,,,,,,,,,,,,12,7
33,2,2,0,0,2,100%,2,2,0,5,3,12,7
Dunn profile,,,,,,,,,,,,12,7
M. Dunn,,,,,,,,,,,,12,7
D,,,,,,,,,,,,12,7
7,2,2,0,0,6,33.30%,5,3,3,35,26,12,7
Malone profile,,,,,,,,,,,,12,7
TJ Malone,,,,,,,,,,,,12,7
A,,,,,,,,,,,,12,7
48,2,1,0,1,4,25%,1,1,1,17,12,12,7
Winkoff profile,,,,,,,,,,,,12,7
K. Winkoff,,,,,,,,,,,,12,7
M,,,,,,,,,,,,12,7
9,2,1,0,1,4,25%,1,0,0,22,18,12,7
Rambo profile,,,,,,,,,,,,12,7
M. Rambo,,,,,,,,,,,,12,7
A,,,,,,,,,,,,12,7
15,1,1,0,0,5,20%,3,1,0,17,12,12,7
Koras profile,,,,,,,,,,,,12,7
J. Koras,,,,,,,,,,,,12,7
M,,,,,,,,,,,,12,7
39,1,1,0,0,1,100%,1,5,0,5,4,12,7
Squires profile,,,,,,,,,,,,12,7
C. Squires,,,,,,,,,,,,12,7
LSM,,,,,,,,,,,,12,7
8,1,0,0,1,0,0%,0,0,1,9,8,12,7
Puglise profile,,,,,,,,,,,,12,7
R. Puglise,,,,,,,,,,,,12,7
SSDM,,,,,,,,,,,,12,7
40,0,0,0,0,3,0%,1,1,1,14,10,12,7
Leadmon profile,,,,,,,,,,,,,
G. Leadmon,,,,,,,,,,,,,
M,,,,,,,,,,,,,
,,,,,,,,,,,,,
77,5,3,0,2,4,75%,4,1,1,19,14,12,2
Currier profile,,,,,,,,,,,,12,2
Z. Currier,,,,,,,,,,,,12,2
M,,,,,,,,,,,,12,2
22,3,3,0,0,10,30%,8,0,0,44,34,12,2
Sowers profile,,,,,,,,,,,,12,2
M. Sowers,,,,,,,,,,,,12,2
A,,,,,,,,,,,,12,2
6,3,2,0,1,8,25%,5,1,1,36,27,12,2
McArdle profile,,,,,,,,,,,,12,2
K. McArdle,,,,,,,,,,,,12,2
A,,,,,,,,,,,,12,2
19,2,2,0,0,5,40%,2,2,0,16,11,12,2
Carraway profile,,,,,,,,,,,,12,2
J. Carraway,,,,,,,,,,,,12,2
M,,,,,,,,,,,,12,2
57,2,1,0,1,3,33.30%,2,1,2,27,22,12,2
Walker profile,,,,,,,,,,,,12,2
E. Walker,,,,,,,,,,,,12,2
A,,,,,,,,,,,,12,2
15,2,1,0,1,5,20%,2,2,0,25,20,12,2
Conrad profile,,,,,,,,,,,,12,2
R. Conrad,,,,,,,,,,,,12,2
M,,,,,,,,,,,,12,2
36,1,1,0,0,3,33.30%,3,2,2,14,9,12,2
Brandau profile,,,,,,,,,,,,12,2
M. Brandau,,,,,,,,,,,,12,2
A,,,,,,,,,,,,12,2
40,1,1,0,0,4,25%,1,0,2,14,8,12,2
Kelly profile,,,,,,,,,,,,12,2
C. Kelly,,,,,,,,,,,,12,2
M,,,,,,,,,,,,12,2
44,1,0,0,1,0,0%,0,1,0,14,14,12,2
Randall profile,,,,,,,,,,,,12,2
B. Randall,,,,,,,,,,,,12,2
D,,,,,,,,,,,,12,2
33,0,0,0,0,2,0%,0,0,0,3,1,12,2
Whitcher profile,,,,,,,,,,,,12,2
M. Whitcher,,,,,,,,,,,,12,2
SSDM,,,,,,,,,,,,12,2
21,0,0,0,0,1,0%,0,0,1,12,10,12,2
Byrnes profile,,,,,,,,,,,,,
L. Byrnes,,,,,,,,,,,,,
D,,,,,,,,,,,,,
,,,,,,,,,,,,,
7,5,2,0,3,6,33.30%,6,2,0,34,28,13,4
Teat profile,,,,,,,,,,,,13,4
J. Teat,,,,,,,,,,,,13,4
A,,,,,,,,,,,,13,4
10,4,2,0,2,8,25%,4,1,1,19,10,13,4
Dickson profile,,,,,,,,,,,,13,4
X. Dickson,,,,,,,,,,,,13,4
A,,,,,,,,,,,,13,4
26,3,3,0,0,7,42.90%,4,1,1,20,12,13,4
Costabile profile,,,,,,,,,,,,13,4
B. Costabile,,,,,,,,,,,,13,4
M,,,,,,,,,,,,13,4
14,2,2,0,0,5,40%,3,1,0,9,4,13,4
Stevens profile,,,,,,,,,,,,13,4
J. Stevens,,,,,,,,,,,,13,4
M,,,,,,,,,,,,13,4
1,2,1,0,1,3,33.30%,3,3,2,34,29,13,4
Shellenberger profile,,,,,,,,,,,,13,4
C. Shellenberger,,,,,,,,,,,,13,4
A,,,,,,,,,,,,13,4
5,1,1,0,0,2,50%,2,3,0,12,10,13,4
Carpenter profile,,,,,,,,,,,,13,4
T. Carpenter,,,,,,,,,,,,13,4
LSM,,,,,,,,,,,,13,4
8,1,1,0,0,3,33.30%,2,1,0,14,11,13,4
Jones profile,,,,,,,,,,,,13,4
M. Jones,,,,,,,,,,,,13,4
M,,,,,,,,,,,,13,4
22,0,0,0,0,1,0%,1,2,0,9,8,13,4
Rexrode profile,,,,,,,,,,,,13,4
M. Rexrode,,,,,,,,,,,,13,4
D,,,,,,,,,,,,13,4
9,0,0,0,0,1,0%,0,6,1,7,5,13,4
Baptiste profile,,,,,,,,,,,,13,4
T. Baptiste,,,,,,,,,,,,13,4
FO,,,,,,,,,,,,13,4
6,0,0,0,0,3,0%,2,3,2,19,14,13,4
Aitken profile,,,,,,,,,,,,13,4
D. Aitken,,,,,,,,,,,,13,4
M,,,,,,,,,,,,13,4
91,0,0,0,0,3,0%,1,1,0,10,7,13,4
Logan profile,,,,,,,,,,,,13,4
D. Logan,,,,,,,,,,,,13,4
SSDM,,,,,,,,,,,,13,4
24,0,0,0,0,2,0%,1,1,1,8,5,13,4
Cormier profile,,,,,,,,,,,,13,4
P. Cormier,,,,,,,,,,,,13,4
A,,,,,,,,,,,,13,4
42,0,0,0,0,1,0%,0,1,1,11,9,13,4
Troutner profile,,,,,,,,,,,,,
T. Troutner,,,,,,,,,,,,,
G,,,,,,,,,,,,,
,,,,,,,,,,,,,
7,3,3,0,0,7,42.90%,4,2,2,23,14,13,7
Malone profile,,,,,,,,,,,,13,7
TJ Malone,,,,,,,,,,,,13,7
A,,,,,,,,,,,,13,7
24,3,2,0,1,5,40%,4,1,2,20,13,13,7
Anderson profile,,,,,,,,,,,,13,7
L. Anderson,,,,,,,,,,,,13,7
A,,,,,,,,,,,,13,7
51,2,2,0,0,5,40%,4,2,3,19,11,13,7
Poitras profile,,,,,,,,,,,,13,7
A. Poitras,,,,,,,,,,,,13,7
M,,,,,,,,,,,,13,7
15,2,2,0,0,4,50%,4,2,1,12,7,13,7
Koras profile,,,,,,,,,,,,13,7
J. Koras,,,,,,,,,,,,13,7
M,,,,,,,,,,,,13,7
36,2,2,0,0,4,50%,3,0,0,21,17,13,7
Williams profile,,,,,,,,,,,,13,7
Z. Williams,,,,,,,,,,,,13,7
A,,,,,,,,,,,,13,7
9,2,1,0,1,5,20%,3,1,4,26,17,13,7
Rambo profile,,,,,,,,,,,,13,7
M. Rambo,,,,,,,,,,,,13,7
A,,,,,,,,,,,,13,7
48,2,0,0,2,4,0%,2,1,1,18,13,13,7
Winkoff profile,,,,,,,,,,,,13,7
K. Winkoff,,,,,,,,,,,,13,7
M,,,,,,,,,,,,13,7
8,1,1,0,0,3,33.30%,1,3,0,12,9,13,7
Puglise profile,,,,,,,,,,,,13,7
R. Puglise,,,,,,,,,,,,13,7
SSDM,,,,,,,,,,,,13,7
10,1,1,0,0,1,100%,1,2,0,17,16,13,7
Heacock profile,,,,,,,,,,,,13,7
C. Heacock,,,,,,,,,,,,13,7
M,,,,,,,,,,,,13,7
91,1,1,0,0,2,50%,2,5,1,11,8,13,7
Nardella profile,,,,,,,,,,,,13,7
J. Nardella,,,,,,,,,,,,13,7
FO,,,,,,,,,,,,13,7
1,1,1,0,0,6,16.70%,3,2,3,33,24,13,7
Chanenchuk profile,,,,,,,,,,,,13,7
M. Chanenchuk,,,,,,,,,,,,13,7
M,,,,,,,,,,,,13,7
77,0,0,0,0,1,0%,0,1,1,3,1,13,7
Zupicich profile,,,,,,,,,,,,13,7
S. Zupicich,,,,,,,,,,,,13,7
LSM,,,,,,,,,,,,13,7
33,0,0,0,0,1,0%,1,2,0,6,5,13,7
Dunn profile,,,,,,,,,,,,13,7
M. Dunn,,,,,,,,,,,,13,7
D,,,,,,,,,,,,13,7
83,0,0,0,0,1,0%,0,2,0,8,7,13,7
Bernhardt profile,,,,,,,,,,,,,
J. Bernhardt,,,,,,,,,,,,,
SSDM,,,,,,,,,,,,,
,,,,,,,,,,,,,
20,6,1,2,1,7,42.90%,6,1,0,39,32,14,3
Campbell profile,,,,,,,,,,,,14,3
M. Campbell,,,,,,,,,,,,14,3
M,,,,,,,,,,,,14,3
3,4,1,1,1,3,66.70%,2,0,1,27,23,14,3
Aslanian profile,,,,,,,,,,,,14,3
C. Aslanian,,,,,,,,,,,,14,3
M,,,,,,,,,,,,14,3
22,4,0,2,0,5,40%,2,0,0,29,24,14,3
Drenner profile,,,,,,,,,,,,14,3
R. Drenner,,,,,,,,,,,,14,3
M,,,,,,,,,,,,14,3
32,3,1,0,2,4,25%,2,1,7,47,36,14,3
Nolting profile,,,,,,,,,,,,14,3
A. Nolting,,,,,,,,,,,,14,3
A,,,,,,,,,,,,14,3
1,3,1,0,2,7,14.30%,2,3,1,52,44,14,3
Holman profile,,,,,,,,,,,,14,3
M. Holman,,,,,,,,,,,,14,3
A,,,,,,,,,,,,14,3
34,0,0,0,0,2,0%,1,0,0,13,11,14,3
Kirst profile,,,,,,,,,,,,14,3
C. Kirst,,,,,,,,,,,,14,3
M,,,,,,,,,,,,14,3
33,0,0,0,0,2,0%,1,0,4,20,14,14,3
Donville profile,,,,,,,,,,,,14,3
J. Donville,,,,,,,,,,,,14,3
M,,,,,,,,,,,,14,3
43,0,0,0,0,1,0%,1,3,0,7,6,14,3
Trainor profile,,,,,,,,,,,,14,3
J. Trainor,,,,,,,,,,,,14,3
SSDM,,,,,,,,,,,,14,3
4,0,0,0,0,1,0%,0,3,1,3,1,14,3
Tucci profile,,,,,,,,,,,,14,3
Z. Tucci,,,,,,,,,,,,14,3
FO,,,,,,,,,,,,14,3
77,0,0,0,0,4,0%,0,3,2,19,13,14,3
van Raaphorst profile,,,,,,,,,,,,14,3
C. van Raaphorst,,,,,,,,,,,,14,3
D,,,,,,,,,,,,14,3
29,0,0,0,0,1,0%,1,3,2,24,21,14,3
Robinson profile,,,,,,,,,,,,,
M. Robinson,,,,,,,,,,,,,
A,,,,,,,,,,,,,
,,,,,,,,,,,,,
16,4,1,0,3,1,100%,1,1,0,35,34,14,1
Ament profile,,,,,,,,,,,,14,1
G. Ament,,,,,,,,,,,,14,1
M,,,,,,,,,,,,14,1
5,3,3,0,0,8,37.50%,7,1,2,29,19,14,1
Fields profile,,,,,,,,,,,,14,1
C. Fields,,,,,,,,,,,,14,1
A,,,,,,,,,,,,14,1
13,2,2,0,0,3,66.70%,3,1,3,15,9,14,1
Ambler profile,,,,,,,,,,,,14,1
R. Ambler,,,,,,,,,,,,14,1
M,,,,,,,,,,,,14,1
26,2,1,0,1,5,20%,3,0,2,30,23,14,1
Schreiber profile,,,,,,,,,,,,14,1
T. Schreiber,,,,,,,,,,,,14,1
M,,,,,,,,,,,,14,1
7,1,1,0,0,6,16.70%,4,0,0,25,19,14,1
O'Keefe profile,,,,,,,,,,,,14,1
M. O'Keefe,,,,,,,,,,,,14,1
A,,,,,,,,,,,,14,1
44,1,1,0,0,2,50%,1,2,1,20,17,14,1
Leclaire profile,,,,,,,,,,,,14,1
T. Leclaire,,,,,,,,,,,,14,1
M,,,,,,,,,,,,14,1
77,0,0,0,0,1,0%,1,4,0,13,12,14,1
Woodward profile,,,,,,,,,,,,14,1
M. Woodward,,,,,,,,,,,,14,1
D,,,,,,,,,,,,14,1
54,0,0,0,0,1,0%,1,2,1,13,11,14,1
Bond profile,,,,,,,,,,,,14,1
P. Bond,,,,,,,,,,,,14,1
SSDM,,,,,,,,,,,,14,1
99,0,0,0,0,1,0%,0,7,2,6,3,14,1
Sisselberger profile,,,,,,,,,,,,14,1
M. Sisselberger,,,,,,,,,,,,14,1
FO,,,,,,,,,,,,14,1
11,0,0,0,0,2,0%,0,2,3,14,9,14,1
Moore profile,,,,,,,,,,,,,
M. Moore,,,,,,,,,,,,,
A,,,,,,,,,,,,,
,,,,,,,,,,,,,
5,4,0,2,0,5,40%,3,0,0,14,9,15,8
Dennis profile,,,,,,,,,,,,15,8
R. Dennis,,,,,,,,,,,,15,8
M,,,,,,,,,,,,15,8
14,2,2,0,0,4,50%,2,2,2,10,4,15,8
Berg profile,,,,,,,,,,,,15,8
W. Berg,,,,,,,,,,,,15,8
A,,,,,,,,,,,,15,8
50,2,1,0,1,6,16.70%,2,0,3,34,25,15,8
Garnsey profile,,,,,,,,,,,,15,8
R. Garnsey,,,,,,,,,,,,15,8
A,,,,,,,,,,,,15,8
4,2,0,0,2,3,0%,2,2,1,16,12,15,8
Gray profile,,,,,,,,,,,,15,8
C. Gray,,,,,,,,,,,,15,8
A,,,,,,,,,,,,15,8
6,1,1,0,0,3,33.30%,2,11,0,10,7,15,8
Ierlan profile,,,,,,,,,,,,15,8
TD Ierlan,,,,,,,,,,,,15,8
FO,,,,,,,,,,,,15,8
41,1,0,0,1,5,0%,4,1,0,16,11,15,8
Bertrand profile,,,,,,,,,,,,15,8
C. Bertrand,,,,,,,,,,,,15,8
M,,,,,,,,,,,,15,8
40,0,0,0,0,1,0%,1,4,0,7,6,15,8
Cohen profile,,,,,,,,,,,,15,8
A. Cohen,,,,,,,,,,,,15,8
D,,,,,,,,,,,,15,8
44,0,0,0,0,1,0%,0,1,2,15,12,15,8
Degnon profile,,,,,,,,,,,,15,8
G. Degnon,,,,,,,,,,,,15,8
M,,,,,,,,,,,,15,8
23,0,0,0,0,1,0%,0,0,0,5,4,15,8
Merle profile,,,,,,,,,,,,15,8
C. Merle,,,,,,,,,,,,15,8
SSDM,,,,,,,,,,,,15,8
28,0,0,0,0,2,0%,0,4,1,10,7,15,8
Conners profile,,,,,,,,,,,,15,8
J. Conners,,,,,,,,,,,,15,8
LSM,,,,,,,,,,,,15,8
12,0,0,0,0,1,0%,0,2,2,12,9,15,8
Tevlin profile,,,,,,,,,,,,15,8
B. Tevlin,,,,,,,,,,,,15,8
SSDM,,,,,,,,,,,,15,8
3,0,0,0,0,10,0%,5,3,3,42,29,15,8
Pannell profile,,,,,,,,,,,,,
R. Pannell,,,,,,,,,,,,,
A,,,,,,,,,,,,,
,,,,,,,,,,,,,
7,5,3,1,0,7,57.10%,5,1,1,28,20,15,6
Bundy profile,,,,,,,,,,,,15,6
G. Bundy,,,,,,,,,,,,15,6
M,,,,,,,,,,,,15,6
26,4,0,0,4,3,0%,0,1,2,29,24,15,6
Handley profile,,,,,,,,,,,,15,6
S. Handley,,,,,,,,,,,,15,6
M,,,,,,,,,,,,15,6
21,2,2,0,0,4,50%,3,0,1,20,15,15,6
Anderson profile,,,,,,,,,,,,15,6
J. Anderson,,,,,,,,,,,,15,6
SSDM,,,,,,,,,,,,15,6
79,2,2,0,0,7,28.60%,6,1,2,30,21,15,6
Zawada profile,,,,,,,,,,,,15,6
J. Zawada,,,,,,,,,,,,15,6
A,,,,,,,,,,,,15,6
34,2,1,0,1,2,50%,2,0,0,20,18,15,6
Terefenko profile,,,,,,,,,,,,15,6
R. Terefenko,,,,,,,,,,,,15,6
SSDM,,,,,,,,,,,,15,6
42,2,1,0,1,5,20%,1,2,3,30,22,15,6
O'Neill profile,,,,,,,,,,,,15,6
B. O'Neill,,,,,,,,,,,,15,6
A,,,,,,,,,,,,15,6
11,2,0,0,2,3,0%,2,1,0,14,11,15,6
Young profile,,,,,,,,,,,,15,6
D. Young,,,,,,,,,,,,15,6
M,,,,,,,,,,,,15,6
22,1,1,0,0,2,50%,1,1,2,18,14,15,6
Ferrara profile,,,,,,,,,,,,15,6
C. Ferrara,,,,,,,,,,,,15,6
M,,,,,,,,,,,,15,6
52,1,1,0,0,2,50%,1,4,0,5,3,15,6
Wierman profile,,,,,,,,,,,,15,6
L. Wierman,,,,,,,,,,,,15,6
FO,,,,,,,,,,,,15,6
40,0,0,0,0,5,0%,3,1,0,12,7,15,6
Gergar profile,,,,,,,,,,,,15,6
D. Gergar,,,,,,,,,,,,15,6
A,,,,,,,,,,,,15,6
36,0,0,0,0,1,0%,0,3,0,11,10,15,6
Bernhardt profile,,,,,,,,,,,,15,6
J. Bernhardt,,,,,,,,,,,,15,6
D,,,,,,,,,,,,15,6
88,0,0,0,0,1,0%,1,3,0,9,8,15,6
Piseno profile,,,,,,,,,,,,15,6
J. Piseno,,,,,,,,,,,,15,6
LSM,,,,,,,,,,,,15,6
5,0,0,0,0,1,0%,1,3,0,9,8,15,6
Manley profile,,,,,,,,,,,,,
M. Manley,,,,,,,,,,,,,
D,,,,,,,,,,,,,
,,,,,,,,,,,,,
6,5,2,0,3,7,28.60%,5,3,2,33,24,16,2
McArdle profile,,,,,,,,,,,,16,2
K. McArdle,,,,,,,,,,,,16,2
A,,,,,,,,,,,,16,2
3,3,2,0,1,8,25%,5,3,0,23,15,16,2
Hannah profile,,,,,,,,,,,,16,2
J. Hannah,,,,,,,,,,,,16,2
M,,,,,,,,,,,,16,2
40,2,2,0,0,3,66.70%,2,0,0,23,20,16,2
Kelly profile,,,,,,,,,,,,16,2
C. Kelly,,,,,,,,,,,,16,2
M,,,,,,,,,,,,16,2
22,2,0,0,2,2,0%,1,0,3,34,29,16,2
Sowers profile,,,,,,,,,,,,16,2
M. Sowers,,,,,,,,,,,,16,2
A,,,,,,,,,,,,16,2
17,2,0,1,0,2,50%,2,3,1,6,3,16,2
Rees profile,,,,,,,,,,,,16,2
R. Rees,,,,,,,,,,,,16,2
LSM,,,,,,,,,,,,16,2
19,1,1,0,0,4,25%,3,0,0,21,17,16,2
Carraway profile,,,,,,,,,,,,16,2
J. Carraway,,,,,,,,,,,,16,2
M,,,,,,,,,,,,16,2
15,1,1,0,0,5,20%,2,2,3,27,19,16,2
Conrad profile,,,,,,,,,,,,16,2
R. Conrad,,,,,,,,,,,,16,2
M,,,,,,,,,,,,16,2
27,1,0,0,1,0,0%,0,1,0,7,7,16,2
Richard profile,,,,,,,,,,,,16,2
J. Richard,,,,,,,,,,,,16,2
SSDM,,,,,,,,,,,,16,2
77,0,0,0,0,2,0%,1,1,1,16,13,16,2
Currier profile,,,,,,,,,,,,16,2
Z. Currier,,,,,,,,,,,,16,2
M,,,,,,,,,,,,16,2
50,0,0,0,0,1,0%,0,1,0,5,4,16,2
Scarpello profile,,,,,,,,,,,,16,2
C. Scarpello,,,,,,,,,,,,16,2
SSDM,,,,,,,,,,,,16,2
44,0,0,0,0,1,0%,0,2,1,12,10,16,2
Randall profile,,,,,,,,,,,,16,2
B. Randall,,,,,,,,,,,,16,2
D,,,,,,,,,,,,16,2
57,0,0,0,0,3,0%,1,2,0,27,24,16,2
Walker profile,,,,,,,,,,,,16,2
E. Walker,,,,,,,,,,,,16,2
A,,,,,,,,,,,,16,2
33,0,0,0,0,1,0%,0,4,1,7,5,16,2
Whitcher profile,,,,,,,,,,,,16,2
M. Whitcher,,,,,,,,,,,,16,2
SSDM,,,,,,,,,,,,16,2
73,0,0,0,0,1,0%,0,3,0,3,2,16,2
Stathakis profile,,,,,,,,,,,,,
A. Stathakis,,,,,,,,,,,,,
FO,,,,,,,,,,,,,
,,,,,,,,,,,,,
7,3,2,0,1,2,100%,2,2,0,9,7,16,5
Minicus profile,,,,,,,,,,,,16,5
B. Minicus,,,,,,,,,,,,16,5
A,,,,,,,,,,,,16,5
22,2,1,0,1,6,16.70%,3,2,3,27,18,16,5
Byrne profile,,,,,,,,,,,,16,5
J. Byrne,,,,,,,,,,,,16,5
A,,,,,,,,,,,,16,5
8,2,1,0,1,1,100%,1,0,1,27,25,16,5
Heningburg profile,,,,,,,,,,,,16,5
J. Heningburg,,,,,,,,,,,,16,5
A,,,,,,,,,,,,16,5
66,1,1,0,0,2,50%,1,1,2,19,15,16,5
Dobson profile,,,,,,,,,,,,16,5
E. Dobson,,,,,,,,,,,,16,5
M,,,,,,,,,,,,16,5
15,1,1,0,0,6,16.70%,2,2,1,31,24,16,5
Scott profile,,,,,,,,,,,,16,5
R. Scott,,,,,,,,,,,,16,5
A,,,,,,,,,,,,16,5
27,1,0,0,1,4,0%,2,1,1,20,15,16,5
Knobloch profile,,,,,,,,,,,,16,5
S. Knobloch,,,,,,,,,,,,16,5
M,,,,,,,,,,,,16,5
13,0,0,0,0,1,0%,0,2,0,6,5,16,5
Geddes profile,,,,,,,,,,,,16,5
Z. Geddes,,,,,,,,,,,,16,5
SSDM,,,,,,,,,,,,16,5
73,0,0,0,0,1,0%,1,5,0,4,3,16,5
Rowlett profile,,,,,,,,,,,,16,5
N. Rowlett,,,,,,,,,,,,16,5
FO,,,,,,,,,,,,16,5
10,0,0,0,0,1,0%,1,3,0,6,5,16,5
Reh profile,,,,,,,,,,,,16,5
T. Reh,,,,,,,,,,,,16,5
LSM,,,,,,,,,,,,16,5
1,0,0,0,0,2,0%,1,0,0,10,8,16,5
Jackson profile,,,,,,,,,,,,,5
K. Jackson,,,,,,,,,,,,,5
M,,,,,,,,,,,,,5
55,0,0,0,0,1,0%,1,2,0,14,13,16,5
MacKay profile,,,,,,,,,,,,,5
I. MacKay,,,,,,,,,,,,,5
SSDM,,,,,,,,,,,,,5
50,0,0,0,0,5,0%,3,0,2,12,5,16,5
Mayea profile,,,,,,,,,,,,,
B. Mayea,,,,,,,,,,,,,
A,,,,,,,,,,,,,
,,,,,,,,,,,,,
4,3,3,0,0,7,42.90%,4,0,1,37,29,17,8
Gray profile,,,,,,,,,,,,,8
C. Gray,,,,,,,,,,,,,8
A,,,,,,,,,,,,,8
3,3,1,0,2,8,12.50%,2,2,2,40,30,17,8
Pannell profile,,,,,,,,,,,,,8
R. Pannell,,,,,,,,,,,,,8
A,,,,,,,,,,,,,8
14,2,2,0,0,3,66.70%,3,1,0,14,11,17,8
Berg profile,,,,,,,,,,,,,8
W. Berg,,,,,,,,,,,,,8
A,,,,,,,,,,,,,8
50,2,1,0,1,6,16.70%,2,2,6,45,33,17,8
Garnsey profile,,,,,,,,,,,,,8
R. Garnsey,,,,,,,,,,,,,8
A,,,,,,,,,,,,,8
41,1,1,0,0,5,20%,4,0,3,23,15,17,8
Bertrand profile,,,,,,,,,,,,,8
C. Bertrand,,,,,,,,,,,,,8
M,,,,,,,,,,,,,8
28,1,1,0,0,1,100%,1,2,0,4,3,17,8
Conners profile,,,,,,,,,,,,,8
J. Conners,,,,,,,,,,,,,8
LSM,,,,,,,,,,,,,8
44,0,0,0,0,3,0%,0,1,0,16,13,17,8
Degnon profile,,,,,,,,,,,,,8
G. Degnon,,,,,,,,,,,,,8
M,,,,,,,,,,,,,8
1,0,0,0,0,1,0%,1,1,0,9,8,17,8
Montgomery profile,,,,,,,,,,,,,8
N. Montgomery,,,,,,,,,,,,,8
M,,,,,,,,,,,,,8
45,0,0,0,0,1,0%,0,1,0,4,3,17,8
Miezan profile,,,,,,,,,,,,,8
R. Miezan,,,,,,,,,,,,,8
SSDM,,,,,,,,,,,,,8
5,0,0,0,0,3,0%,2,0,0,16,13,17,8
Dennis profile,,,,,,,,,,,,,
R. Dennis,,,,,,,,,,,,,
M,,,,,,,,,,,,,
,,,,,,,,,,,,,
1,4,4,0,0,8,50%,7,1,2,37,27,17,3
Holman profile,,,,,,,,,,,,,3
M. Holman,,,,,,,,,,,,,3
A,,,,,,,,,,,,,3
32,4,1,0,3,4,25%,1,2,0,38,34,17,3
Nolting profile,,,,,,,,,,,,,3
A. Nolting,,,,,,,,,,,,,3
A,,,,,,,,,,,,,3
43,2,1,0,1,2,50%,1,0,1,8,5,17,3
Trainor profile,,,,,,,,,,,,,3
J. Trainor,,,,,,,,,,,,,3
SSDM,,,,,,,,,,,,,3
19,1,1,0,0,4,25%,1,0,1,10,5,17,3
Vardaro profile,,,,,,,,,,,,,3
A. Vardaro,,,,,,,,,,,,,3
M,,,,,,,,,,,,,3
50,1,0,0,1,3,0%,0,1,3,25,19,17,3
Kavanagh profile,,,,,,,,,,,,,3
M. Kavanagh,,,,,,,,,,,,,3
A,,,,,,,,,,,,,3
34,0,0,0,0,3,0%,2,1,0,14,11,17,3
Kirst profile,,,,,,,,,,,,,3
C. Kirst,,,,,,,,,,,,,3
M,,,,,,,,,,,,,3
35,0,0,0,0,1,0%,1,3,0,9,8,17,3
Rall profile,,,,,,,,,,,,,3
E. Rall,,,,,,,,,,,,,3
LSM,,,,,,,,,,,,,3
20,0,0,0,0,4,0%,1,1,0,27,23,17,3
Campbell profile,,,,,,,,,,,,,3
M. Campbell,,,,,,,,,,,,,3
M,,,,,,,,,,,,,3
2,0,0,0,0,2,0%,1,0,0,8,6,17,3
Fairman profile,,,,,,,,,,,,,3
B. Fairman,,,,,,,,,,,,,3
SSDM,,,,,,,,,,,,,3
4,0,0,0,0,2,0%,1,4,0,4,2,17,3
Tucci profile,,,,,,,,,,,,,3
Z. Tucci,,,,,,,,,,,,,3
FO,,,,,,,,,,,,,3
77,0,0,0,0,2,0%,1,3,1,14,11,17,3
van Raaphorst profile,,,,,,,,,,,,,3
C. van Raaphorst,,,,,,,,,,,,,3
D,,,,,,,,,,,,,3
22,0,0,0,0,2,0%,1,0,1,25,22,17,3
Drenner profile,,,,,,,,,,,,,3
R. Drenner,,,,,,,,,,,,,3
M,,,,,,,,,,,,,3
3,0,0,0,0,4,0%,2,0,2,31,25,17,3
Aslanian profile,,,,,,,,,,,,,
C. Aslanian,,,,,,,,,,,,,
M,,,,,,,,,,,,,
,,,,,,,,,,,,,
40,2,2,0,0,7,28.60%,3,2,1,14,6,18,6
Gergar profile,,,,,,,,,,,,,6
D. Gergar,,,,,,,,,,,,,6
A,,,,,,,,,,,,,6
21,2,1,0,1,4,25%,3,1,3,16,9,18,6
Anderson profile,,,,,,,,,,,,,6
J. Anderson,,,,,,,,,,,,,6
SSDM,,,,,,,,,,,,,6
22,1,1,0,0,3,33.30%,3,0,0,9,6,18,6
Ferrara profile,,,,,,,,,,,,,6
C. Ferrara,,,,,,,,,,,,,6
M,,,,,,,,,,,,,6
26,1,0,0,1,5,0%,4,0,1,18,12,18,6
Handley profile,,,,,,,,,,,,,6
S. Handley,,,,,,,,,,,,,6
M,,,,,,,,,,,,,6
36,1,0,0,1,0,0%,0,2,0,8,8,18,6
Bernhardt profile,,,,,,,,,,,,,6
J. Bernhardt,,,,,,,,,,,,,6
D,,,,,,,,,,,,,6
8,0,0,0,0,1,0%,0,1,0,3,2,18,6
Grill profile,,,,,,,,,,,,,6
N. Grill,,,,,,,,,,,,,6
LSM,,,,,,,,,,,,,6
24,0,0,0,0,1,0%,1,1,0,12,11,18,6
McElroy profile,,,,,,,,,,,,,6
O. McElroy,,,,,,,,,,,,,6
G,,,,,,,,,,,,,6
11,0,0,0,0,2,0%,1,0,2,8,4,18,6
Young profile,,,,,,,,,,,,,6
D. Young,,,,,,,,,,,,,6
M,,,,,,,,,,,,,6
7,0,0,0,0,7,0%,3,0,3,19,9,18,6
Bundy profile,,,,,,,,,,,,,6
G. Bundy,,,,,,,,,,,,,6
M,,,,,,,,,,,,,6
42,0,0,0,0,2,0%,1,0,0,7,5,18,6
O'Neill profile,,,,,,,,,,,,,6
B. O'Neill,,,,,,,,,,,,,6
A,,,,,,,,,,,,,6
79,0,0,0,0,2,0%,2,4,1,17,14,18,6
Zawada profile,,,,,,,,,,,,,6
J. Zawada,,,,,,,,,,,,,6
A,,,,,,,,,,,,,6
88,0,0,0,0,1,0%,1,2,0,7,6,18,6
Piseno profile,,,,,,,,,,,,,6
J. Piseno,,,,,,,,,,,,,6
LSM,,,,,,,,,,,,,6
52,0,0,0,0,2,0%,0,7,0,11,9,18,6
Wierman profile,,,,,,,,,,,,,6
L. Wierman,,,,,,,,,,,,,6
FO,,,,,,,,,,,,,6
5,0,0,0,0,2,0%,0,0,0,5,3,18,6
Manley profile,,,,,,,,,,,,,
M. Manley,,,,,,,,,,,,,
D,,,,,,,,,,,,,
,,,,,,,,,,,,,
7,9,6,0,3,9,66.70%,8,5,0,41,32,18,4
Teat profile,,,,,,,,,,,,,4
J. Teat,,,,,,,,,,,,,4
A,,,,,,,,,,,,,4
26,4,1,0,3,7,14.30%,4,2,2,31,22,18,4
Costabile profile,,,,,,,,,,,,,4
B. Costabile,,,,,,,,,,,,,4
M,,,,,,,,,,,,,4
10,3,3,0,0,5,60%,4,1,3,12,4,18,4
Dickson profile,,,,,,,,,,,,,4
X. Dickson,,,,,,,,,,,,,4
A,,,,,,,,,,,,,4
1,3,2,0,1,5,40%,2,0,2,36,29,18,4
Shellenberger profile,,,,,,,,,,,,,4
C. Shellenberger,,,,,,,,,,,,,4
A,,,,,,,,,,,,,4
9,2,2,0,0,2,100%,2,4,0,6,4,18,4
Baptiste profile,,,,,,,,,,,,,4
T. Baptiste,,,,,,,,,,,,,4
FO,,,,,,,,,,,,,4
6,2,1,0,1,3,33.30%,1,1,2,28,23,18,4
Aitken profile,,,,,,,,,,,,,4
D. Aitken,,,,,,,,,,,,,4
M,,,,,,,,,,,,,4
14,1,1,0,0,3,33.30%,1,0,0,13,10,18,4
Stevens profile,,,,,,,,,,,,,4
J. Stevens,,,,,,,,,,,,,4
M,,,,,,,,,,,,,4
34,1,1,0,0,2,50%,2,0,0,4,2,18,4
Rezanka profile,,,,,,,,,,,,,4
P. Rezanka,,,,,,,,,,,,,4
SSDM,,,,,,,,,,,,,4
88,1,0,0,1,1,0%,0,0,1,20,18,18,4
Jacoby profile,,,,,,,,,,,,,4
R. Jacoby,,,,,,,,,,,,,4
M,,,,,,,,,,,,,4
0,1,0,0,1,0,0%,0,1,0,3,3,18,4
Smith profile,,,,,,,,,,,,,4
K. Smith,,,,,,,,,,,,,4
LSM,,,,,,,,,,,,,4
43,1,0,0,1,1,0%,1,3,1,14,12,18,4
Makar profile,,,,,,,,,,,,,4
B. Makar,,,,,,,,,,,,,4
D,,,,,,,,,,,,,4
5,0,0,0,0,1,0%,0,6,1,8,6,18,4
Carpenter profile,,,,,,,,,,,,,4
T. Carpenter,,,,,,,,,,,,,4
LSM,,,,,,,,,,,,,4
8,0,0,0,0,3,0%,2,1,3,20,14,18,4
Jones profile,,,,,,,,,,,,,
M. Jones,,,,,,,,,,,,,
M,,,,,,,,,,,,,
,,,,,,,,,,,,,
7,4,4,0,0,9,44.40%,5,5,2,29,18,19,1
O'Keefe profile,,,,,,,,,,,,,1
M. O'Keefe,,,,,,,,,,,,,1
A,,,,,,,,,,,,,1
44,4,2,1,0,4,75%,4,1,0,11,7,19,1
Leclaire profile,,,,,,,,,,,,,1
T. Leclaire,,,,,,,,,,,,,1
M,,,,,,,,,,,,,1
5,3,3,0,0,7,42.90%,6,0,2,29,20,19,1
Fields profile,,,,,,,,,,,,,1
C. Fields,,,,,,,,,,,,,1
A,,,,,,,,,,,,,1
16,3,1,0,2,4,25%,2,0,2,21,15,19,1
Ament profile,,,,,,,,,,,,,1
G. Ament,,,,,,,,,,,,,1
M,,,,,,,,,,,,,1
11,2,2,0,0,6,33.30%,2,2,1,25,18,19,1
Moore profile,,,,,,,,,,,,,1
M. Moore,,,,,,,,,,,,,1
A,,,,,,,,,,,,,1
54,1,1,0,0,1,100%,1,2,0,14,13,19,1
Bond profile,,,,,,,,,,,,,1
P. Bond,,,,,,,,,,,,,1
SSDM,,,,,,,,,,,,,1
51,1,1,0,0,2,50%,2,0,1,6,3,19,1
Williams profile,,,,,,,,,,,,,1
D. Williams,,,,,,,,,,,,,1
A,,,,,,,,,,,,,1
26,1,0,0,1,5,0%,1,0,2,22,15,19,1
Schreiber profile,,,,,,,,,,,,,1
T. Schreiber,,,,,,,,,,,,,1
M,,,,,,,,,,,,,1
13,0,0,0,0,2,0%,1,0,2,12,8,19,1
Ambler profile,,,,,,,,,,,,,1
R. Ambler,,,,,,,,,,,,,1
M,,,,,,,,,,,,,1
45,0,0,0,0,1,0%,1,3,0,14,13,19,1
Dobson profile,,,,,,,,,,,,,
B. Dobson,,,,,,,,,,,,,
G,,,,,,,,,,,,,
,,,,,,,,,,,,,
36,5,4,0,1,13,30.80%,9,1,1,29,15,19,7
Williams profile,,,,,,,,,,,,,7
Z. Williams,,,,,,,,,,,,,7
A,,,,,,,,,,,,,7
7,4,2,0,2,8,25%,4,2,2,35,25,19,7
Malone profile,,,,,,,,,,,,,7
TJ Malone,,,,,,,,,,,,,7
A,,,,,,,,,,,,,7
24,3,1,0,2,6,16.70%,3,1,0,28,22,19,7
Anderson profile,,,,,,,,,,,,,7
L. Anderson,,,,,,,,,,,,,7
A,,,,,,,,,,,,,7
9,2,2,0,0,6,33.30%,5,1,2,30,22,19,7
Rambo profile,,,,,,,,,,,,,7
M. Rambo,,,,,,,,,,,,,7
A,,,,,,,,,,,,,7
51,2,1,0,1,4,25%,2,1,2,18,12,19,7
Poitras profile,,,,,,,,,,,,,7
A. Poitras,,,,,,,,,,,,,7
M,,,,,,,,,,,,,7
83,1,1,0,0,1,100%,1,0,0,5,4,19,7
Bernhardt profile,,,,,,,,,,,,,7
J. Bernhardt,,,,,,,,,,,,,7
SSDM,,,,,,,,,,,,,7
33,1,0,0,1,0,0%,0,0,0,5,5,19,7
Dunn profile,,,,,,,,,,,,,7
M. Dunn,,,,,,,,,,,,,7
D,,,,,,,,,,,,,7
1,1,0,0,1,4,0%,3,2,1,30,25,19,7
Chanenchuk profile,,,,,,,,,,,,,7
M. Chanenchuk,,,,,,,,,,,,,7
M,,,,,,,,,,,,,7
15,0,0,0,0,1,0%,1,6,0,13,12,19,7
Koras profile,,,,,,,,,,,,,7
J. Koras,,,,,,,,,,,,,7
M,,,,,,,,,,,,,7
48,0,0,0,0,3,0%,2,0,3,9,3,19,7
Winkoff profile,,,,,,,,,,,,,
K. Winkoff,,,,,,,,,,,,,
M,,,,,,,,,,,,,
,,,,,,,,,,,,,
6,5,4,0,1,9,44.40%,6,3,3,40,28,20,2
McArdle profile,,,,,,,,,,,,20,2
K. McArdle,,,,,,,,,,,,20,2
A,,,,,,,,,,,,20,2
22,5,3,0,2,9,33.30%,7,1,0,30,21,20,2
Sowers profile,,,,,,,,,,,,20,2
M. Sowers,,,,,,,,,,,,20,2
A,,,,,,,,,,,,20,2
3,2,2,0,0,9,22.20%,4,0,1,21,11,20,2
Hannah profile,,,,,,,,,,,,20,2
J. Hannah,,,,,,,,,,,,20,2
M,,,,,,,,,,,,20,2
40,2,1,0,1,4,25%,3,0,0,24,20,20,2
Kelly profile,,,,,,,,,,,,20,2
C. Kelly,,,,,,,,,,,,20,2
M,,,,,,,,,,,,20,2
77,0,0,0,0,3,0%,1,4,2,27,22,20,2
Currier profile,,,,,,,,,,,,20,2
Z. Currier,,,,,,,,,,,,20,2
M,,,,,,,,,,,,20,2
36,0,0,0,0,4,0%,2,0,0,18,14,20,2
Brandau profile,,,,,,,,,,,,20,2
M. Brandau,,,,,,,,,,,,20,2
A,,,,,,,,,,,,20,2
57,0,0,0,0,1,0%,0,1,0,33,32,20,2
Walker profile,,,,,,,,,,,,20,2
E. Walker,,,,,,,,,,,,20,2
A,,,,,,,,,,,,20,2
15,0,0,0,0,5,0%,2,0,1,16,10,20,2
Conrad profile,,,,,,,,,,,,,
R. Conrad,,,,,,,,,,,,,
M,,,,,,,,,,,,,
,,,,,,,,,,,,,
50,5,2,1,1,8,37.50%,5,2,2,22,12,20,3
Kavanagh profile,,,,,,,,,,,,20,3
M. Kavanagh,,,,,,,,,,,,20,3
A,,,,,,,,,,,,20,3
1,4,2,1,0,5,60%,4,4,1,32,26,20,3
Holman profile,,,,,,,,,,,,20,3
M. Holman,,,,,,,,,,,,20,3
A,,,,,,,,,,,,20,3
34,3,2,0,1,4,50%,4,0,1,15,10,20,3
Kirst profile,,,,,,,,,,,,20,3
C. Kirst,,,,,,,,,,,,20,3
M,,,,,,,,,,,,20,3
32,3,0,0,3,3,0%,2,0,2,23,18,20,3
Nolting profile,,,,,,,,,,,,20,3
A. Nolting,,,,,,,,,,,,20,3
A,,,,,,,,,,,,20,3
19,2,2,0,0,4,50%,4,1,2,15,9,20,3
Vardaro profile,,,,,,,,,,,,20,3
A. Vardaro,,,,,,,,,,,,20,3
M,,,,,,,,,,,,20,3
20,2,1,0,1,5,20%,4,1,0,21,16,20,3
Campbell profile,,,,,,,,,,,,20,3
M. Campbell,,,,,,,,,,,,20,3
M,,,,,,,,,,,,20,3
3,1,1,0,0,2,50%,1,0,0,14,12,20,3
Aslanian profile,,,,,,,,,,,,20,3
C. Aslanian,,,,,,,,,,,,20,3
M,,,,,,,,,,,,20,3
35,1,0,0,1,0,0%,0,4,0,5,5,20,3
Rall profile,,,,,,,,,,,,20,3
E. Rall,,,,,,,,,,,,20,3
LSM,,,,,,,,,,,,20,3
43,1,0,0,1,0,0%,0,1,0,7,7,20,3
Trainor profile,,,,,,,,,,,,20,3
J. Trainor,,,,,,,,,,,,20,3
SSDM,,,,,,,,,,,,20,3
22,1,0,0,1,2,0%,1,1,1,21,18,20,3
Drenner profile,,,,,,,,,,,,20,3
R. Drenner,,,,,,,,,,,,20,3
M,,,,,,,,,,,,20,3
2,0,0,0,0,1,0%,0,0,1,8,6,20,3
Fairman profile,,,,,,,,,,,,20,3
B. Fairman,,,,,,,,,,,,20,3
SSDM,,,,,,,,,,,,20,3
4,0,0,0,0,2,0%,0,8,1,7,4,20,3
Tucci profile,,,,,,,,,,,,20,3
Z. Tucci,,,,,,,,,,,,20,3
FO,,,,,,,,,,,,20,3
77,0,0,0,0,1,0%,0,0,1,3,1,20,3
van Raaphorst profile,,,,,,,,,,,,,
C. van Raaphorst,,,,,,,,,,,,,
D,,,,,,,,,,,,,